horizon_seconds,train_runs,test_run,model,train_rows,test_rows,mae_tower,mae_treated,mae_raw,avg_mae,avg_rmse,overall_r2
10,full_cycle_run_003 + full_cycle_run_004 + pump_pwm_sweep_run_001 + pump_pwm_sweep_run_002 + valve_routing_run_001,full_cycle_run_002,Persistence (no change),3590,717,2.474198047419805,9.138075313807532,2.502092050209205,4.704788470478847,20.02260190320806,0.9657238707389524
10,full_cycle_run_003 + full_cycle_run_004 + pump_pwm_sweep_run_001 + pump_pwm_sweep_run_002 + valve_routing_run_001,full_cycle_run_002,Mean Predictor,3590,717,53.08518101964617,349.2347359976386,56.18999467760573,152.83663723163016,171.64605506183582,-1.2897928969722594
10,full_cycle_run_003 + full_cycle_run_004 + pump_pwm_sweep_run_001 + pump_pwm_sweep_run_002 + valve_routing_run_001,full_cycle_run_002,Linear Regression,3590,717,6.649264118047098,11.246040401877252,2.8793476304506584,6.924884050125004,21.11456551692344,0.9648122844165103
10,full_cycle_run_003 + full_cycle_run_004 + pump_pwm_sweep_run_001 + pump_pwm_sweep_run_002 + valve_routing_run_001,full_cycle_run_002,Ridge Regression,3590,717,6.716952230145273,11.176948401353952,2.879322290888832,6.924407640796019,21.109208402836185,0.9648560802262433
10,full_cycle_run_003 + full_cycle_run_004 + pump_pwm_sweep_run_001 + pump_pwm_sweep_run_002 + valve_routing_run_001,full_cycle_run_002,Random Forest,3590,717,45.94500223382028,212.3004400876711,12.458933494127741,90.23479193853971,103.6391366911161,0.11988771276729682
10,full_cycle_run_002 + full_cycle_run_004 + pump_pwm_sweep_run_001 + pump_pwm_sweep_run_002 + valve_routing_run_001,full_cycle_run_003,Persistence (no change),3952,355,8.488732394366197,7.267605633802817,4.694366197183099,6.816901408450704,21.853106903137117,0.7491295411816363
10,full_cycle_run_002 + full_cycle_run_004 + pump_pwm_sweep_run_001 + pump_pwm_sweep_run_002 + valve_routing_run_001,full_cycle_run_003,Mean Predictor,3952,355,52.538676797627716,20.548672806067067,52.17647366995484,41.75460775788321,58.88391722468666,-0.4542230426611396
10,full_cycle_run_002 + full_cycle_run_004 + pump_pwm_sweep_run_001 + pump_pwm_sweep_run_002 + valve_routing_run_001,full_cycle_run_003,Linear Regression,3952,355,7.278189781435584,8.735681610191323,3.21108019389429,6.4083171951737326,21.175790903991718,0.7561749165821686
10,full_cycle_run_002 + full_cycle_run_004 + pump_pwm_sweep_run_001 + pump_pwm_sweep_run_002 + valve_routing_run_001,full_cycle_run_003,Ridge Regression,3952,355,7.28740584212379,8.756755860505452,3.2065818238974355,6.4169145088422255,21.180089498714086,0.7560872520032343
10,full_cycle_run_002 + full_cycle_run_004 + pump_pwm_sweep_run_001 + pump_pwm_sweep_run_002 + valve_routing_run_001,full_cycle_run_003,Random Forest,3952,355,19.320849666216883,47.63960463340962,26.273352091427753,31.077935463684753,50.28185117628389,-0.02175713549957175
10,full_cycle_run_002 + full_cycle_run_003 + pump_pwm_sweep_run_001 + pump_pwm_sweep_run_002 + valve_routing_run_001,full_cycle_run_004,Persistence (no change),3348,959,7.1678832116788325,4.156934306569343,4.5088633993743485,5.277893639207508,11.947846869542794,0.920041086400276
10,full_cycle_run_002 + full_cycle_run_003 + pump_pwm_sweep_run_001 + pump_pwm_sweep_run_002 + valve_routing_run_001,full_cycle_run_004,Mean Predictor,3348,959,59.31830700911787,191.96540788829455,49.78704809370545,100.3569209970393,105.70804369835308,-6.715526014237332
10,full_cycle_run_002 + full_cycle_run_003 + pump_pwm_sweep_run_001 + pump_pwm_sweep_run_002 + valve_routing_run_001,full_cycle_run_004,Linear Regression,3348,959,9.289584858999234,6.242497944197981,3.0424560078135903,6.191512937003602,12.159451554075304,0.9192906701621638
10,full_cycle_run_002 + full_cycle_run_003 + pump_pwm_sweep_run_001 + pump_pwm_sweep_run_002 + valve_routing_run_001,full_cycle_run_004,Ridge Regression,3348,959,9.358680693251692,6.271653370417171,3.0413395737788447,6.223891212482569,12.176360587090237,0.9190603192941327
10,full_cycle_run_002 + full_cycle_run_003 + pump_pwm_sweep_run_001 + pump_pwm_sweep_run_002 + valve_routing_run_001,full_cycle_run_004,Random Forest,3348,959,27.404445927425755,21.225586256065867,25.079016248005377,24.569682810499,33.10669643052771,0.428440948183642
10,full_cycle_run_002 + full_cycle_run_003 + full_cycle_run_004 + pump_pwm_sweep_run_002 + valve_routing_run_001,pump_pwm_sweep_run_001,Persistence (no change),3554,753,8.281540504648074,3.0212483399734396,2.694555112881806,4.665781319167773,8.86535778844562,0.9592652312973736
10,full_cycle_run_002 + full_cycle_run_003 + full_cycle_run_004 + pump_pwm_sweep_run_002 + valve_routing_run_001,pump_pwm_sweep_run_001,Mean Predictor,3554,753,50.69203844909297,74.10844317347059,148.6997885404513,91.16675672100496,96.18305996763247,-4.079671072695164
10,full_cycle_run_002 + full_cycle_run_003 + full_cycle_run_004 + pump_pwm_sweep_run_002 + valve_routing_run_001,pump_pwm_sweep_run_001,Linear Regression,3554,753,8.010390144099668,3.5839516193546874,2.391292162407222,4.661877975287193,7.6009140614241595,0.9675978287916112
10,full_cycle_run_002 + full_cycle_run_003 + full_cycle_run_004 + pump_pwm_sweep_run_002 + valve_routing_run_001,pump_pwm_sweep_run_001,Ridge Regression,3554,753,8.01257561913017,3.6190719046751783,2.444120281937923,4.691922601914424,7.616889238523362,0.967526173151226
10,full_cycle_run_002 + full_cycle_run_003 + full_cycle_run_004 + pump_pwm_sweep_run_002 + valve_routing_run_001,pump_pwm_sweep_run_001,Random Forest,3554,753,33.54492751163363,59.291786037411796,123.41922129945283,72.0853116161661,79.02729973981502,-2.639520379244348
10,full_cycle_run_002 + full_cycle_run_003 + full_cycle_run_004 + pump_pwm_sweep_run_001 + valve_routing_run_001,pump_pwm_sweep_run_002,Persistence (no change),3438,869,17.563866513233602,4.723820483314154,2.7433831990794015,8.343690065209053,14.416020074130232,0.9628021930326374
10,full_cycle_run_002 + full_cycle_run_003 + full_cycle_run_004 + pump_pwm_sweep_run_001 + valve_routing_run_001,pump_pwm_sweep_run_002,Mean Predictor,3438,869,93.12041583573895,135.53423826708982,146.66557566519424,125.10674325600768,136.42903673293128,-1.3477567480696337
10,full_cycle_run_002 + full_cycle_run_003 + full_cycle_run_004 + pump_pwm_sweep_run_001 + valve_routing_run_001,pump_pwm_sweep_run_002,Linear Regression,3438,869,16.053517620134794,5.09155344700423,2.025399343531623,7.723490136890216,13.013455502815644,0.9667382212802187
10,full_cycle_run_002 + full_cycle_run_003 + full_cycle_run_004 + pump_pwm_sweep_run_001 + valve_routing_run_001,pump_pwm_sweep_run_002,Ridge Regression,3438,869,16.041425901214478,5.133619250714118,1.991891895255606,7.722312349061401,13.021815761684907,0.9667357720414917
10,full_cycle_run_002 + full_cycle_run_003 + full_cycle_run_004 + pump_pwm_sweep_run_001 + valve_routing_run_001,pump_pwm_sweep_run_002,Random Forest,3438,869,33.70395370534013,50.163332323086145,165.80245221746037,83.22324608196222,91.1313376588392,-0.4985752471225221
10,full_cycle_run_002 + full_cycle_run_003 + full_cycle_run_004 + pump_pwm_sweep_run_001 + pump_pwm_sweep_run_002,valve_routing_run_001,Persistence (no change),3653,654,5.068807339449541,13.22782874617737,2.085626911314985,6.794087665647299,12.469981277329884,0.9522289048995731
10,full_cycle_run_002 + full_cycle_run_003 + full_cycle_run_004 + pump_pwm_sweep_run_001 + pump_pwm_sweep_run_002,valve_routing_run_001,Mean Predictor,3653,654,170.05300490318027,241.82389322671477,35.95911198621072,149.2786700387019,162.01334045714165,-5.165589546938886
10,full_cycle_run_002 + full_cycle_run_003 + full_cycle_run_004 + pump_pwm_sweep_run_001 + pump_pwm_sweep_run_002,valve_routing_run_001,Linear Regression,3653,654,9.374178165793424,16.957672208904235,1.791906877510176,9.374585750735944,13.871026445735586,0.9442858361570201
10,full_cycle_run_002 + full_cycle_run_003 + full_cycle_run_004 + pump_pwm_sweep_run_001 + pump_pwm_sweep_run_002,valve_routing_run_001,Ridge Regression,3653,654,9.46848474786668,16.93781723247031,1.7724792594612166,9.392927079932736,13.898628109771074,0.9441910721078113
10,full_cycle_run_002 + full_cycle_run_003 + full_cycle_run_004 + pump_pwm_sweep_run_001 + pump_pwm_sweep_run_002,valve_routing_run_001,Random Forest,3653,654,76.79217075008928,42.71433994639057,14.085104091757474,44.53053826274578,57.639401868913325,0.20051375723839088
30,full_cycle_run_003 + full_cycle_run_004 + pump_pwm_sweep_run_001 + pump_pwm_sweep_run_002 + valve_routing_run_001,full_cycle_run_002,Persistence (no change),3491,697,6.817790530846485,27.028694404591104,5.222381635581062,13.022955523672882,40.43915763278562,0.8675317743677367
30,full_cycle_run_003 + full_cycle_run_004 + pump_pwm_sweep_run_001 + pump_pwm_sweep_run_002 + valve_routing_run_001,full_cycle_run_002,Mean Predictor,3491,697,53.26600867900946,345.4691362540358,55.39108188426368,151.37540893910298,170.55712097929256,-1.2258586130875706
30,full_cycle_run_003 + full_cycle_run_004 + pump_pwm_sweep_run_001 + pump_pwm_sweep_run_002 + valve_routing_run_001,full_cycle_run_002,Linear Regression,3491,697,12.477796844463324,35.079947612524414,5.700690043331932,17.752811500106557,43.06996519531831,0.8589323944878378
30,full_cycle_run_003 + full_cycle_run_004 + pump_pwm_sweep_run_001 + pump_pwm_sweep_run_002 + valve_routing_run_001,full_cycle_run_002,Ridge Regression,3491,697,12.502255872755873,34.963460348391514,5.699017565419844,17.721577928855744,43.042735499746335,0.859143577596963
30,full_cycle_run_003 + full_cycle_run_004 + pump_pwm_sweep_run_001 + pump_pwm_sweep_run_002 + valve_routing_run_001,full_cycle_run_002,Random Forest,3491,697,48.75503913494883,217.24220662917853,26.398046999356662,97.465097587828,111.40165893688288,0.10696007019071158
30,full_cycle_run_002 + full_cycle_run_004 + pump_pwm_sweep_run_001 + pump_pwm_sweep_run_002 + valve_routing_run_001,full_cycle_run_003,Persistence (no change),3852,336,19.09375,11.952380952380953,12.087797619047619,14.37797619047619,28.644026525870654,0.6178388818385152
30,full_cycle_run_002 + full_cycle_run_004 + pump_pwm_sweep_run_001 + pump_pwm_sweep_run_002 + valve_routing_run_001,full_cycle_run_003,Mean Predictor,3852,336,54.569962109973694,20.13326719576714,48.27026312861567,40.9911641447855,57.92866705869318,-0.4318147915098138
30,full_cycle_run_002 + full_cycle_run_004 + pump_pwm_sweep_run_001 + pump_pwm_sweep_run_002 + valve_routing_run_001,full_cycle_run_003,Linear Regression,3852,336,15.311240686398325,17.206221966678406,5.536358640261912,12.684607097779548,26.44061711385841,0.6503747430027825
30,full_cycle_run_002 + full_cycle_run_004 + pump_pwm_sweep_run_001 + pump_pwm_sweep_run_002 + valve_routing_run_001,full_cycle_run_003,Ridge Regression,3852,336,15.321695617114058,17.221062626120936,5.520117740340469,12.687625327858486,26.44028989413216,0.6502726679230368
30,full_cycle_run_002 + full_cycle_run_004 + pump_pwm_sweep_run_001 + pump_pwm_sweep_run_002 + valve_routing_run_001,full_cycle_run_003,Random Forest,3852,336,38.60470902566371,71.97708268820577,22.17869535009781,44.253495687989094,56.97522614450427,-0.39273954980927445
30,full_cycle_run_002 + full_cycle_run_003 + pump_pwm_sweep_run_001 + pump_pwm_sweep_run_002 + valve_routing_run_001,full_cycle_run_004,Persistence (no change),3249,939,13.27689030883919,8.231629392971247,10.780617678381256,10.76304579339723,17.688152865741355,0.8357207074497413
30,full_cycle_run_002 + full_cycle_run_003 + pump_pwm_sweep_run_001 + pump_pwm_sweep_run_002 + valve_routing_run_001,full_cycle_run_004,Mean Predictor,3249,939,59.058114219465196,190.90482104594628,49.75946232001877,99.90746586181008,105.39982532874586,-6.587533153342687
30,full_cycle_run_002 + full_cycle_run_003 + pump_pwm_sweep_run_001 + pump_pwm_sweep_run_002 + valve_routing_run_001,full_cycle_run_004,Linear Regression,3249,939,18.175879361606217,15.261616769873319,4.473596860946858,12.637030997475463,18.48442203286462,0.8211997077849988
30,full_cycle_run_002 + full_cycle_run_003 + pump_pwm_sweep_run_001 + pump_pwm_sweep_run_002 + valve_routing_run_001,full_cycle_run_004,Ridge Regression,3249,939,18.24572722914334,15.240626720900693,4.476586831231199,12.654313593758411,18.485867338973147,0.8210901093207483
30,full_cycle_run_002 + full_cycle_run_003 + pump_pwm_sweep_run_001 + pump_pwm_sweep_run_002 + valve_routing_run_001,full_cycle_run_004,Random Forest,3249,939,43.39431449250632,28.373585497932154,19.254970107920506,30.340956699453,39.6782496433357,0.12082329963701902
30,full_cycle_run_002 + full_cycle_run_003 + full_cycle_run_004 + pump_pwm_sweep_run_002 + valve_routing_run_001,pump_pwm_sweep_run_001,Persistence (no change),3455,733,12.774897680763983,8.312414733969986,5.493860845839018,8.860391086857662,17.048757429286045,0.8613165708741293
30,full_cycle_run_002 + full_cycle_run_003 + full_cycle_run_004 + pump_pwm_sweep_run_002 + valve_routing_run_001,pump_pwm_sweep_run_001,Mean Predictor,3455,733,50.63186338481669,74.68388736098291,148.70112832500337,91.33895969026764,96.39163730332045,-4.034157577980155
30,full_cycle_run_002 + full_cycle_run_003 + full_cycle_run_004 + pump_pwm_sweep_run_002 + valve_routing_run_001,pump_pwm_sweep_run_001,Linear Regression,3455,733,12.273048454508181,7.996506624718876,5.974273180538224,8.747942753255094,12.454794055231273,0.9234599509110498
30,full_cycle_run_002 + full_cycle_run_003 + full_cycle_run_004 + pump_pwm_sweep_run_002 + valve_routing_run_001,pump_pwm_sweep_run_001,Ridge Regression,3455,733,12.27573623140692,7.984402188459088,6.0401759965678155,8.766771472144608,12.462262123219524,0.9234587840391948
30,full_cycle_run_002 + full_cycle_run_003 + full_cycle_run_004 + pump_pwm_sweep_run_002 + valve_routing_run_001,pump_pwm_sweep_run_001,Random Forest,3455,733,33.25741985193175,44.848223117745086,107.85389144704904,61.986511472241965,70.27129448133228,-1.8638597919097513
30,full_cycle_run_002 + full_cycle_run_003 + full_cycle_run_004 + pump_pwm_sweep_run_001 + valve_routing_run_001,pump_pwm_sweep_run_002,Persistence (no change),3339,849,26.732626619552416,13.153121319199057,6.658421672555948,15.514723203769138,24.430032170432636,0.9164772599720645
30,full_cycle_run_002 + full_cycle_run_003 + full_cycle_run_004 + pump_pwm_sweep_run_001 + valve_routing_run_001,pump_pwm_sweep_run_002,Mean Predictor,3339,849,93.14708511431603,135.7072704317867,148.47067053147293,125.77500869252522,136.9431306874147,-1.3549846435046298
30,full_cycle_run_002 + full_cycle_run_003 + full_cycle_run_004 + pump_pwm_sweep_run_001 + valve_routing_run_001,pump_pwm_sweep_run_002,Linear Regression,3339,849,21.084403755701302,13.410688216762782,3.4608991049606264,12.651997025808235,18.53318504128632,0.9471314692853244
30,full_cycle_run_002 + full_cycle_run_003 + full_cycle_run_004 + pump_pwm_sweep_run_001 + valve_routing_run_001,pump_pwm_sweep_run_002,Ridge Regression,3339,849,21.071355024448767,13.418424528400706,3.459949088254538,12.64990954703467,18.538409571141415,0.9471185371003163
30,full_cycle_run_002 + full_cycle_run_003 + full_cycle_run_004 + pump_pwm_sweep_run_001 + valve_routing_run_001,pump_pwm_sweep_run_002,Random Forest,3339,849,43.6502653693728,92.80482692033749,118.02206871387209,84.82572033452747,92.76231471167527,-0.17283424559607716
30,full_cycle_run_002 + full_cycle_run_003 + full_cycle_run_004 + pump_pwm_sweep_run_001 + pump_pwm_sweep_run_002,valve_routing_run_001,Persistence (no change),3554,634,14.717665615141955,18.009463722397477,5.66403785488959,12.797055730809674,19.387714135298975,0.9141107314912545
30,full_cycle_run_002 + full_cycle_run_003 + full_cycle_run_004 + pump_pwm_sweep_run_001 + pump_pwm_sweep_run_002,valve_routing_run_001,Mean Predictor,3554,634,166.18409611775968,237.83659057462557,36.46575147920636,146.82881272386388,159.6663370319597,-5.034840832792324
30,full_cycle_run_002 + full_cycle_run_003 + full_cycle_run_004 + pump_pwm_sweep_run_001 + pump_pwm_sweep_run_002,valve_routing_run_001,Linear Regression,3554,634,8.484048046623844,30.440643527332345,5.283441652823352,14.736044408926512,18.76440249897841,0.8932612504101792
30,full_cycle_run_002 + full_cycle_run_003 + full_cycle_run_004 + pump_pwm_sweep_run_001 + pump_pwm_sweep_run_002,valve_routing_run_001,Ridge Regression,3554,634,8.513548469770955,30.406383841289735,5.246110688184344,14.72201433308168,18.74175132560145,0.8934765009493869
30,full_cycle_run_002 + full_cycle_run_003 + full_cycle_run_004 + pump_pwm_sweep_run_001 + pump_pwm_sweep_run_002,valve_routing_run_001,Random Forest,3554,634,80.17636377246959,45.867844610952794,13.935765885754066,46.65999142305882,59.012440526909465,0.145208562494136
60,full_cycle_run_003 + full_cycle_run_004 + pump_pwm_sweep_run_001 + pump_pwm_sweep_run_002 + valve_routing_run_001,full_cycle_run_002,Persistence (no change),3341,667,14.014992503748125,54.18740629685158,9.899550224887557,26.033983008495753,62.9827311888039,0.7081825213334514
60,full_cycle_run_003 + full_cycle_run_004 + pump_pwm_sweep_run_001 + pump_pwm_sweep_run_002 + valve_routing_run_001,full_cycle_run_002,Mean Predictor,3341,667,53.550874891796894,339.4192121239573,54.20297543535913,149.05768748370443,168.819031906378,-1.1298173965382268
60,full_cycle_run_003 + full_cycle_run_004 + pump_pwm_sweep_run_001 + pump_pwm_sweep_run_002 + valve_routing_run_001,full_cycle_run_002,Linear Regression,3341,667,24.865701205264987,68.05869212764686,10.971840869309588,34.63207806740714,67.22604279495705,0.6842469154852013
60,full_cycle_run_003 + full_cycle_run_004 + pump_pwm_sweep_run_001 + pump_pwm_sweep_run_002 + valve_routing_run_001,full_cycle_run_002,Ridge Regression,3341,667,24.807453375543616,67.92263312714576,10.97182683799873,34.56730444689604,67.18213015222018,0.68471134700957
60,full_cycle_run_003 + full_cycle_run_004 + pump_pwm_sweep_run_001 + pump_pwm_sweep_run_002 + valve_routing_run_001,full_cycle_run_002,Random Forest,3341,667,50.693796125806884,223.23707717502825,43.854427202053095,105.92843350096274,119.7502146676465,0.08892926483805226
60,full_cycle_run_002 + full_cycle_run_004 + pump_pwm_sweep_run_001 + pump_pwm_sweep_run_002 + valve_routing_run_001,full_cycle_run_003,Persistence (no change),3702,306,35.47549019607843,18.516339869281047,23.93954248366013,25.977124183006538,40.69772008655115,0.2718168627928101
60,full_cycle_run_002 + full_cycle_run_004 + pump_pwm_sweep_run_001 + pump_pwm_sweep_run_002 + valve_routing_run_001,full_cycle_run_003,Mean Predictor,3702,306,57.73581582822215,19.55505061740173,42.83162342913046,40.04082995825144,56.491270037209766,-0.41475078503138124
60,full_cycle_run_002 + full_cycle_run_004 + pump_pwm_sweep_run_001 + pump_pwm_sweep_run_002 + valve_routing_run_001,full_cycle_run_003,Linear Regression,3702,306,28.92501551349745,30.507756524543247,11.247286405699699,23.560019481246798,38.890663956152785,0.3126929012601132
60,full_cycle_run_002 + full_cycle_run_004 + pump_pwm_sweep_run_001 + pump_pwm_sweep_run_002 + valve_routing_run_001,full_cycle_run_003,Ridge Regression,3702,306,28.93489296666282,30.508054636994412,11.223032702552247,23.555326768736492,38.88051280392099,0.3127910740689851
60,full_cycle_run_002 + full_cycle_run_004 + pump_pwm_sweep_run_001 + pump_pwm_sweep_run_002 + valve_routing_run_001,full_cycle_run_003,Random Forest,3702,306,73.6701925994934,119.42782074087059,19.475069470236914,70.8576942702003,78.80921795091287,-1.9086807688978158
60,full_cycle_run_002 + full_cycle_run_003 + pump_pwm_sweep_run_001 + pump_pwm_sweep_run_002 + valve_routing_run_001,full_cycle_run_004,Persistence (no change),3099,909,22.078107810781077,15.298679867986799,21.102310231023104,19.493032636596993,28.217980538463646,0.5911754281346715
60,full_cycle_run_002 + full_cycle_run_003 + pump_pwm_sweep_run_001 + pump_pwm_sweep_run_002 + valve_routing_run_001,full_cycle_run_004,Mean Predictor,3099,909,58.62182041050175,189.212748283542,49.62632681467616,99.15363183623997,104.86802478466387,-6.40177616673716
60,full_cycle_run_002 + full_cycle_run_003 + pump_pwm_sweep_run_001 + pump_pwm_sweep_run_002 + valve_routing_run_001,full_cycle_run_004,Linear Regression,3099,909,37.60473071122984,28.293244200766853,9.337246694471848,25.078407202156182,32.1369125642111,0.42283739628028005
60,full_cycle_run_002 + full_cycle_run_003 + pump_pwm_sweep_run_001 + pump_pwm_sweep_run_002 + valve_routing_run_001,full_cycle_run_004,Ridge Regression,3099,909,37.654729988612694,28.252576686323994,9.33981465157492,25.08237377550387,32.11325852166031,0.42352286735902905
60,full_cycle_run_002 + full_cycle_run_003 + pump_pwm_sweep_run_001 + pump_pwm_sweep_run_002 + valve_routing_run_001,full_cycle_run_004,Random Forest,3099,909,70.64555621555564,46.41754892472885,24.960866084158358,47.34132374148095,67.64927332363828,-1.7580311244675537
60,full_cycle_run_002 + full_cycle_run_003 + full_cycle_run_004 + pump_pwm_sweep_run_002 + valve_routing_run_001,pump_pwm_sweep_run_001,Persistence (no change),3305,703,16.256756756756758,14.617354196301564,10.729018492176387,13.867709815078236,27.963146044213698,0.6388599605918419
60,full_cycle_run_002 + full_cycle_run_003 + full_cycle_run_004 + pump_pwm_sweep_run_002 + valve_routing_run_001,pump_pwm_sweep_run_001,Mean Predictor,3305,703,50.50513468321475,75.5838461919207,148.59887277993911,91.56261788502485,96.6645042728801,-3.9661241900861675
60,full_cycle_run_002 + full_cycle_run_003 + full_cycle_run_004 + pump_pwm_sweep_run_002 + valve_routing_run_001,pump_pwm_sweep_run_001,Linear Regression,3305,703,19.63642887205653,16.80428141034309,15.946579942107267,17.462430074835627,23.17795803424745,0.7569420643504985
60,full_cycle_run_002 + full_cycle_run_003 + full_cycle_run_004 + pump_pwm_sweep_run_002 + valve_routing_run_001,pump_pwm_sweep_run_001,Ridge Regression,3305,703,19.630961883681653,16.687909653980658,16.014360670292817,17.44441073598504,23.171115182522357,0.7573002730034233
60,full_cycle_run_002 + full_cycle_run_003 + full_cycle_run_004 + pump_pwm_sweep_run_002 + valve_routing_run_001,pump_pwm_sweep_run_001,Random Forest,3305,703,28.976188132311204,75.242932856164,47.4106863832171,50.54326912389744,57.72592950727529,-0.5876366496324861
60,full_cycle_run_002 + full_cycle_run_003 + full_cycle_run_004 + pump_pwm_sweep_run_001 + valve_routing_run_001,pump_pwm_sweep_run_002,Persistence (no change),3189,819,37.67338217338217,24.714285714285715,13.434676434676435,25.274114774114775,40.96529843758381,0.7794059732137314
60,full_cycle_run_002 + full_cycle_run_003 + full_cycle_run_004 + pump_pwm_sweep_run_001 + valve_routing_run_001,pump_pwm_sweep_run_002,Mean Predictor,3189,819,92.91331714520831,135.97161488036278,151.46122718088947,126.78205306882019,137.68762252567237,-1.3714757010440712
60,full_cycle_run_002 + full_cycle_run_003 + full_cycle_run_004 + pump_pwm_sweep_run_001 + valve_routing_run_001,pump_pwm_sweep_run_002,Linear Regression,3189,819,28.37849928559049,29.17433320511329,6.301522224557341,21.28478490508704,27.46220427684658,0.8939395678034174
60,full_cycle_run_002 + full_cycle_run_003 + full_cycle_run_004 + pump_pwm_sweep_run_001 + valve_routing_run_001,pump_pwm_sweep_run_002,Ridge Regression,3189,819,28.380689480127174,29.166196999243095,6.298999670420623,21.281962049930296,27.46394173225391,0.8939317302683104
60,full_cycle_run_002 + full_cycle_run_003 + full_cycle_run_004 + pump_pwm_sweep_run_001 + valve_routing_run_001,pump_pwm_sweep_run_002,Random Forest,3189,819,46.31125556209229,64.65185784545035,168.829331903164,93.2641484369022,101.39411030716451,-0.6322526738515043
60,full_cycle_run_002 + full_cycle_run_003 + full_cycle_run_004 + pump_pwm_sweep_run_001 + pump_pwm_sweep_run_002,valve_routing_run_001,Persistence (no change),3404,604,30.39072847682119,28.0364238410596,11.756622516556291,23.39459161147903,30.882427838302693,0.7962761656372122
60,full_cycle_run_002 + full_cycle_run_003 + full_cycle_run_004 + pump_pwm_sweep_run_001 + pump_pwm_sweep_run_002,valve_routing_run_001,Mean Predictor,3404,604,159.95389967782444,231.41150457973382,37.681928545303215,143.0157776009538,155.99901184464792,-4.859192275760215
60,full_cycle_run_002 + full_cycle_run_003 + full_cycle_run_004 + pump_pwm_sweep_run_001 + pump_pwm_sweep_run_002,valve_routing_run_001,Linear Regression,3404,604,20.979633557879225,42.525805468605576,13.412773822273435,25.63940428291941,30.69390357629924,0.7758720227281278
60,full_cycle_run_002 + full_cycle_run_003 + full_cycle_run_004 + pump_pwm_sweep_run_001 + pump_pwm_sweep_run_002,valve_routing_run_001,Ridge Regression,3404,604,20.987857728682528,42.47432268044833,13.350265691822836,25.604148700317896,30.645561433354334,0.776488394692991
60,full_cycle_run_002 + full_cycle_run_003 + full_cycle_run_004 + pump_pwm_sweep_run_001 + pump_pwm_sweep_run_002,valve_routing_run_001,Random Forest,3404,604,83.09146021281089,41.40763783144209,15.029058601638628,46.50938554863054,58.89775678436098,0.1313833971098301
120,full_cycle_run_003 + full_cycle_run_004 + pump_pwm_sweep_run_001 + pump_pwm_sweep_run_002 + valve_routing_run_001,full_cycle_run_002,Persistence (no change),3041,607,27.789126853377265,115.86408566721582,18.182866556836903,53.945359692476664,101.59869229367291,0.29068693350949476
120,full_cycle_run_003 + full_cycle_run_004 + pump_pwm_sweep_run_001 + pump_pwm_sweep_run_002 + valve_routing_run_001,full_cycle_run_002,Mean Predictor,3041,607,54.074721800413826,324.21745263929995,50.167212023270274,142.81979548766137,164.4781571977165,-0.9600086812069144
120,full_cycle_run_003 + full_cycle_run_004 + pump_pwm_sweep_run_001 + pump_pwm_sweep_run_002 + valve_routing_run_001,full_cycle_run_002,Linear Regression,3041,607,54.77195912277598,135.2640681608403,18.671236284601,69.56908785607244,100.37150639148744,0.34083318344911007
120,full_cycle_run_003 + full_cycle_run_004 + pump_pwm_sweep_run_001 + pump_pwm_sweep_run_002 + valve_routing_run_001,full_cycle_run_002,Ridge Regression,3041,607,54.651739706510675,135.42220896410296,18.671687740098694,69.58187880357077,100.29708220123717,0.34175023821896167
120,full_cycle_run_003 + full_cycle_run_004 + pump_pwm_sweep_run_001 + pump_pwm_sweep_run_002 + valve_routing_run_001,full_cycle_run_002,Random Forest,3041,607,48.241961572996225,244.5986119197996,74.5278833803266,122.45615229104082,130.90046545590283,0.0194205515868175
120,full_cycle_run_002 + full_cycle_run_004 + pump_pwm_sweep_run_001 + pump_pwm_sweep_run_002 + valve_routing_run_001,full_cycle_run_003,Persistence (no change),3402,246,67.26219512195122,25.5630081300813,45.010162601626014,45.94512195121951,61.48061495429449,-0.6618289973710114
120,full_cycle_run_002 + full_cycle_run_004 + pump_pwm_sweep_run_001 + pump_pwm_sweep_run_002 + valve_routing_run_001,full_cycle_run_003,Mean Predictor,3402,246,66.84353058698132,19.94314917575988,35.11478542034098,40.63382172769406,56.301197812481156,-0.4693294314097097
120,full_cycle_run_002 + full_cycle_run_004 + pump_pwm_sweep_run_001 + pump_pwm_sweep_run_002 + valve_routing_run_001,full_cycle_run_003,Linear Regression,3402,246,63.2831163370631,32.88016252867617,19.496602367809416,38.55329374451623,56.05283278723291,-0.377283989215924
120,full_cycle_run_002 + full_cycle_run_004 + pump_pwm_sweep_run_001 + pump_pwm_sweep_run_002 + valve_routing_run_001,full_cycle_run_003,Ridge Regression,3402,246,63.26854993721361,32.78852064432706,19.465839452012766,38.507636677851146,55.99510602674574,-0.37512756114988927
120,full_cycle_run_002 + full_cycle_run_004 + pump_pwm_sweep_run_001 + pump_pwm_sweep_run_002 + valve_routing_run_001,full_cycle_run_003,Random Forest,3402,246,70.81442502955129,84.13780427773936,41.231981796675214,65.3947370346553,74.9247222219103,-1.1143648242075268
120,full_cycle_run_002 + full_cycle_run_003 + pump_pwm_sweep_run_001 + pump_pwm_sweep_run_002 + valve_routing_run_001,full_cycle_run_004,Persistence (no change),2799,849,37.613074204947,28.79210836277974,41.27502944640754,35.89340400471142,47.47768782994432,-0.12345655805944347
120,full_cycle_run_002 + full_cycle_run_003 + pump_pwm_sweep_run_001 + pump_pwm_sweep_run_002 + valve_routing_run_001,full_cycle_run_004,Mean Predictor,2799,849,57.645612958691835,185.61833037291115,49.32035945026608,97.52810092728969,103.70159422022897,-6.008345311921535
120,full_cycle_run_002 + full_cycle_run_003 + pump_pwm_sweep_run_001 + pump_pwm_sweep_run_002 + valve_routing_run_001,full_cycle_run_004,Linear Regression,2799,849,82.65684103143629,59.503606233111604,26.850518461346155,56.336988575298015,70.7097580406815,-1.825047203486503
120,full_cycle_run_002 + full_cycle_run_003 + pump_pwm_sweep_run_001 + pump_pwm_sweep_run_002 + valve_routing_run_001,full_cycle_run_004,Ridge Regression,2799,849,82.65076730051493,59.46702343866081,26.84228241882303,56.320024385999595,70.6527843357123,-1.820840178364305
120,full_cycle_run_002 + full_cycle_run_003 + pump_pwm_sweep_run_001 + pump_pwm_sweep_run_002 + valve_routing_run_001,full_cycle_run_004,Random Forest,2799,849,70.89166432458559,40.574174869290616,36.03797093761655,49.16793671049758,61.974454931247976,-1.085670597476544
120,full_cycle_run_002 + full_cycle_run_003 + full_cycle_run_004 + pump_pwm_sweep_run_002 + valve_routing_run_001,pump_pwm_sweep_run_001,Persistence (no change),3005,643,18.560653188180403,22.381804043545877,22.930793157076206,21.291083462934164,41.77774864203503,0.22309789081550224
120,full_cycle_run_002 + full_cycle_run_003 + full_cycle_run_004 + pump_pwm_sweep_run_002 + valve_routing_run_001,pump_pwm_sweep_run_001,Mean Predictor,3005,643,49.428490618280534,77.42595673876878,147.25715590656492,91.37053442120475,96.54533688431741,-3.8047701209997933
120,full_cycle_run_002 + full_cycle_run_003 + full_cycle_run_004 + pump_pwm_sweep_run_002 + valve_routing_run_001,pump_pwm_sweep_run_001,Linear Regression,3005,643,23.503724862814575,37.92842197145707,40.78822213161573,34.07345632196246,41.52742383585201,0.22793013213326244
120,full_cycle_run_002 + full_cycle_run_003 + full_cycle_run_004 + pump_pwm_sweep_run_002 + valve_routing_run_001,pump_pwm_sweep_run_001,Ridge Regression,3005,643,23.495281769940494,37.81154817982185,40.84529319753465,34.05070771576567,41.505607166751936,0.2289398554652488
120,full_cycle_run_002 + full_cycle_run_003 + full_cycle_run_004 + pump_pwm_sweep_run_002 + valve_routing_run_001,pump_pwm_sweep_run_001,Random Forest,3005,643,44.31137392774105,75.00759835216002,75.0859515327001,64.80164127086705,71.11662733522898,-1.2948753856105226
120,full_cycle_run_002 + full_cycle_run_003 + full_cycle_run_004 + pump_pwm_sweep_run_001 + valve_routing_run_001,pump_pwm_sweep_run_002,Persistence (no change),2889,759,53.35507246376812,45.15085638998683,28.669301712779973,42.3917435221783,72.28650284821192,0.33082814230922974
120,full_cycle_run_002 + full_cycle_run_003 + full_cycle_run_004 + pump_pwm_sweep_run_001 + valve_routing_run_001,pump_pwm_sweep_run_002,Mean Predictor,2889,759,92.1730520246032,136.40093471625318,159.24045753484836,129.2714814252349,139.47320741039331,-1.4367355729252012
120,full_cycle_run_002 + full_cycle_run_003 + full_cycle_run_004 + pump_pwm_sweep_run_001 + valve_routing_run_001,pump_pwm_sweep_run_002,Linear Regression,2889,759,45.018086855176044,55.841164885008155,20.723588313545573,40.527613351243254,50.89593850706918,0.6546437818427595
120,full_cycle_run_002 + full_cycle_run_003 + full_cycle_run_004 + pump_pwm_sweep_run_001 + valve_routing_run_001,pump_pwm_sweep_run_002,Ridge Regression,2889,759,45.02307700989137,55.818981898735835,20.802858175136716,40.548305694587974,50.902577320987575,0.6546921472499886
120,full_cycle_run_002 + full_cycle_run_003 + full_cycle_run_004 + pump_pwm_sweep_run_001 + valve_routing_run_001,pump_pwm_sweep_run_002,Random Forest,2889,759,62.20281952891042,95.91664493012848,177.7771797211573,111.96554806006539,119.30160119847513,-1.021305042133951
120,full_cycle_run_002 + full_cycle_run_003 + full_cycle_run_004 + pump_pwm_sweep_run_001 + pump_pwm_sweep_run_002,valve_routing_run_001,Persistence (no change),3104,544,64.21507352941177,37.9172794117647,25.360294117647058,42.49754901960784,50.17811349500557,0.40668584995625273
120,full_cycle_run_002 + full_cycle_run_003 + full_cycle_run_004 + pump_pwm_sweep_run_001 + pump_pwm_sweep_run_002,valve_routing_run_001,Mean Predictor,3104,544,145.70460909073677,217.0635422983638,41.854527128183896,134.87422617242817,147.90199579054905,-4.619304656265653
120,full_cycle_run_002 + full_cycle_run_003 + full_cycle_run_004 + pump_pwm_sweep_run_001 + pump_pwm_sweep_run_002,valve_routing_run_001,Linear Regression,3104,544,27.149796179420004,72.48186660602843,27.594036282277905,42.40856635590878,53.775800649851014,0.2653926353223715
120,full_cycle_run_002 + full_cycle_run_003 + full_cycle_run_004 + pump_pwm_sweep_run_001 + pump_pwm_sweep_run_002,valve_routing_run_001,Ridge Regression,3104,544,27.121984070875207,72.11637669372995,27.493393134648276,42.243917966417804,53.54009334877747,0.2724108743835474
120,full_cycle_run_002 + full_cycle_run_003 + full_cycle_run_004 + pump_pwm_sweep_run_001 + pump_pwm_sweep_run_002,valve_routing_run_001,Random Forest,3104,544,90.33300765667832,34.8298374126515,14.771680033603449,46.64484170097776,57.84955094334234,0.010096134963968285
