run_name,t_seconds,pump1_pwm,pump2_pwm,valve1,valve2,valve3,valve4,flow_p1,flow_p2,flow_valve1,flow_outlet,tower,treated,raw
full_cycle_run_002,0.0,0.0,0.0,0,0,0,0,0.0,0.0,0.0,0.0,710.0,81.0,552.0
full_cycle_run_002,1.0,0.0,0.0,0,0,0,0,0.0,0.0,0.0,0.0,710.0,81.0,552.0
full_cycle_run_002,2.0,0.0,0.0,0,0,0,0,0.0,0.0,0.0,0.0,710.0,81.0,552.0
full_cycle_run_002,3.0,0.0,0.0,0,0,0,0,0.0,0.0,0.0,0.0,710.0,81.0,552.0
full_cycle_run_002,4.0,0.0,0.0,0,0,0,0,0.0,0.0,0.0,0.0,710.0,81.0,552.0
full_cycle_run_002,5.0,0.0,0.0,0,0,0,0,0.0,0.0,0.0,0.0,710.0,81.0,552.0
full_cycle_run_002,6.0,0.0,0.0,0,0,0,0,0.0,0.0,0.0,0.0,710.0,81.0,552.0
full_cycle_run_002,7.0,0.0,0.0,0,0,0,0,0.0,0.0,0.0,0.0,710.0,81.0,552.0
full_cycle_run_002,8.0,0.0,0.0,0,0,0,0,0.0,0.0,0.0,0.0,710.0,81.0,552.0
full_cycle_run_002,9.0,0.0,0.0,0,0,0,0,0.0,0.0,0.0,0.0,710.0,81.0,552.0
full_cycle_run_002,10.0,0.0,0.0,0,0,0,0,0.0,0.0,0.0,0.0,710.0,81.0,552.0
full_cycle_run_002,11.0,0.0,0.0,0,0,0,0,0.0,0.0,0.0,0.0,710.0,81.0,552.0
full_cycle_run_002,12.0,0.0,0.0,0,0,0,0,0.0,0.0,0.0,0.0,710.0,81.0,552.0
full_cycle_run_002,13.0,0.0,0.0,0,0,0,0,0.0,0.0,0.0,0.0,710.0,81.0,552.0
full_cycle_run_002,14.0,0.0,0.0,0,0,0,0,0.0,0.0,0.0,0.0,710.0,81.0,552.0
full_cycle_run_002,15.0,0.0,0.0,0,0,0,0,0.0,0.0,0.0,0.0,710.0,81.0,552.0
full_cycle_run_002,16.0,0.0,0.0,0,0,0,0,0.0,0.0,0.0,0.0,710.0,81.0,552.0
full_cycle_run_002,17.0,0.0,0.0,0,0,0,0,0.0,0.0,0.0,0.0,710.0,81.0,552.0
full_cycle_run_002,18.0,0.0,0.0,0,0,0,0,0.0,0.0,0.0,0.0,710.0,81.0,552.0
full_cycle_run_002,19.0,0.0,0.0,0,0,0,0,0.0,0.0,0.0,0.0,710.0,81.0,552.0
full_cycle_run_002,20.0,0.0,0.0,0,0,0,0,0.0,0.0,0.0,0.0,710.0,81.0,552.0
full_cycle_run_002,21.0,0.0,0.0,0,0,0,0,0.0,0.0,0.0,0.0,710.0,81.0,552.0
full_cycle_run_002,22.0,0.0,0.0,0,0,0,0,0.0,0.0,0.0,0.0,710.0,81.0,552.0
full_cycle_run_002,23.0,0.0,0.0,0,0,0,0,0.0,0.0,0.0,0.0,710.0,81.0,552.0
full_cycle_run_002,24.0,0.0,0.0,0,0,0,0,0.0,0.0,0.0,0.0,710.0,81.0,552.0
full_cycle_run_002,25.0,0.0,0.0,0,0,0,0,0.0,0.0,0.0,0.0,710.0,81.0,552.0
full_cycle_run_002,26.0,0.0,0.0,0,0,0,0,0.0,0.0,0.0,0.0,710.0,81.0,552.0
full_cycle_run_002,27.0,0.0,0.0,0,0,0,0,0.0,0.0,0.0,0.0,710.0,81.0,552.0
full_cycle_run_002,28.0,0.0,0.0,0,0,0,0,0.0,0.0,0.0,0.0,710.0,81.0,552.0
full_cycle_run_002,29.0,0.0,0.0,0,0,0,0,0.0,0.0,0.0,0.0,710.0,81.0,552.0
full_cycle_run_002,30.0,0.0,0.0,0,0,0,0,0.0,0.0,0.0,0.0,710.0,81.0,552.0
full_cycle_run_002,31.0,0.0,0.0,0,0,0,0,0.0,0.0,0.0,0.0,710.0,81.0,552.0
full_cycle_run_002,32.0,0.0,0.0,0,0,0,0,0.0,0.0,0.0,0.0,710.0,81.0,552.0
full_cycle_run_002,33.0,0.0,0.0,0,0,0,0,0.0,0.0,0.0,0.0,710.0,81.0,552.0
full_cycle_run_002,34.0,0.0,0.0,0,0,0,0,0.0,0.0,0.0,0.0,710.0,81.0,552.0
full_cycle_run_002,35.0,0.0,0.0,0,0,0,0,0.0,0.0,0.0,0.0,710.0,81.0,552.0
full_cycle_run_002,36.0,0.0,0.0,0,0,0,0,0.0,0.0,0.0,0.0,710.0,81.0,552.0
full_cycle_run_002,37.0,0.0,0.0,0,0,0,0,0.0,0.0,0.0,0.0,710.0,81.0,552.0
full_cycle_run_002,38.0,0.0,0.0,0,0,0,0,0.0,0.0,0.0,0.0,710.0,81.0,552.0
full_cycle_run_002,39.0,0.0,0.0,0,0,0,0,0.0,0.0,0.0,0.0,710.0,81.0,552.0
full_cycle_run_002,40.0,0.0,0.0,0,0,0,0,0.0,0.0,0.0,0.0,710.0,81.0,547.0
full_cycle_run_002,41.0,0.0,0.0,0,0,0,0,0.0,0.0,0.0,0.0,710.0,81.0,559.0
full_cycle_run_002,42.0,0.0,0.0,0,0,0,0,0.0,0.0,0.0,0.0,710.0,81.0,555.0
full_cycle_run_002,43.0,0.0,0.0,0,0,0,0,0.0,0.0,0.0,0.0,710.0,81.0,551.0
full_cycle_run_002,44.0,0.0,0.0,0,0,0,0,0.0,0.0,0.0,0.0,710.0,81.0,546.0
full_cycle_run_002,45.0,0.0,0.0,0,0,0,0,0.0,0.0,0.0,0.0,710.0,81.0,549.0
full_cycle_run_002,46.0,0.0,0.0,0,0,0,0,0.0,0.0,0.0,0.0,710.0,85.0,549.0
full_cycle_run_002,47.0,0.0,0.0,0,0,0,0,0.0,0.0,0.0,0.0,710.0,81.0,552.0
full_cycle_run_002,48.0,0.0,0.0,0,0,0,0,0.0,0.0,0.0,0.0,710.0,81.0,547.0
full_cycle_run_002,49.0,0.0,0.0,0,0,0,0,0.0,0.0,0.0,0.0,710.0,81.0,556.0
full_cycle_run_002,50.0,0.0,0.0,0,0,0,0,0.0,0.0,0.0,0.0,710.0,81.0,551.0
full_cycle_run_002,51.0,0.0,0.0,0,0,0,0,0.0,0.0,0.0,0.0,706.0,81.0,551.0
full_cycle_run_002,52.0,0.0,0.0,0,0,0,0,0.0,0.0,0.0,0.0,710.0,81.0,546.0
full_cycle_run_002,53.0,0.0,0.0,0,0,0,0,0.0,0.0,0.0,0.0,710.0,85.0,546.0
full_cycle_run_002,54.0,0.0,0.0,0,0,0,0,0.0,0.0,0.0,0.0,710.0,81.0,549.0
full_cycle_run_002,55.0,0.0,0.0,0,0,0,0,0.0,0.0,0.0,0.0,710.0,81.0,545.0
full_cycle_run_002,56.0,0.0,0.0,0,0,0,0,0.0,0.0,0.0,0.0,710.0,81.0,544.0
full_cycle_run_002,57.0,0.0,0.0,0,0,0,0,0.0,0.0,0.0,0.0,710.0,81.0,536.0
full_cycle_run_002,58.0,0.0,0.0,0,0,0,0,0.0,0.0,0.0,0.0,710.0,81.0,543.0
full_cycle_run_002,59.0,0.0,0.0,0,0,0,0,0.0,0.0,0.0,0.0,710.0,81.0,543.0
full_cycle_run_002,60.0,0.0,0.0,0,0,0,0,0.0,0.0,0.0,0.0,710.0,81.0,552.0
full_cycle_run_002,61.0,0.0,0.0,0,0,0,0,0.0,0.0,0.0,0.0,710.0,81.0,551.0
full_cycle_run_002,62.0,0.0,0.0,0,0,0,0,0.0,0.0,0.0,0.0,710.0,81.0,534.0
full_cycle_run_002,63.0,0.0,0.0,0,0,0,0,0.0,0.0,0.0,0.0,710.0,81.0,546.0
full_cycle_run_002,64.0,0.0,0.0,0,0,0,0,0.0,0.0,0.0,0.0,710.0,81.0,541.0
full_cycle_run_002,65.0,0.0,0.0,0,0,0,0,0.0,0.0,0.0,0.0,710.0,81.0,541.0
full_cycle_run_002,66.0,0.0,0.0,0,0,0,0,0.0,0.0,0.0,0.0,710.0,81.0,544.0
full_cycle_run_002,67.0,0.0,0.0,0,0,0,0,0.0,0.0,0.0,0.0,710.0,81.0,544.0
full_cycle_run_002,68.0,0.0,0.0,0,0,0,0,0.0,0.0,0.0,0.0,710.0,81.0,543.0
full_cycle_run_002,69.0,0.0,0.0,0,0,0,0,0.0,0.0,0.0,0.0,710.0,81.0,551.0
full_cycle_run_002,70.0,0.0,0.0,0,0,0,0,0.0,0.0,0.0,0.0,710.0,81.0,542.0
full_cycle_run_002,71.0,0.0,0.0,0,0,0,0,0.0,0.0,0.0,0.0,710.0,81.0,546.0
full_cycle_run_002,72.0,0.0,0.0,0,0,0,0,0.0,0.0,0.0,0.0,710.0,81.0,534.0
full_cycle_run_002,73.0,0.0,0.0,0,0,0,0,0.0,0.0,0.0,0.0,710.0,81.0,533.0
full_cycle_run_002,74.0,0.0,0.0,0,0,0,0,0.0,0.0,0.0,0.0,710.0,81.0,532.0
full_cycle_run_002,75.0,0.0,0.0,0,0,0,0,0.0,0.0,0.0,0.0,710.0,81.0,531.0
full_cycle_run_002,76.0,0.0,0.0,0,0,0,0,0.0,0.0,0.0,0.0,710.0,81.0,531.0
full_cycle_run_002,77.0,0.0,0.0,0,0,0,0,0.0,0.0,0.0,0.0,710.0,81.0,531.0
full_cycle_run_002,78.0,0.0,0.0,0,0,0,0,0.0,0.0,0.0,0.0,710.0,81.0,535.0
full_cycle_run_002,79.0,0.0,0.0,0,0,0,0,0.0,0.0,0.0,0.0,710.0,81.0,530.5
full_cycle_run_002,80.0,0.0,0.0,0,0,0,0,0.0,0.0,0.0,0.0,710.0,81.0,526.0
full_cycle_run_002,81.0,0.0,0.0,0,0,0,0,0.0,0.0,0.0,0.0,710.0,85.0,531.0
full_cycle_run_002,82.0,0.0,0.0,0,0,0,0,0.0,0.0,0.0,0.0,710.0,85.0,529.0
full_cycle_run_002,83.0,0.0,0.0,0,0,0,0,0.0,0.0,0.0,0.0,710.0,85.0,529.0
full_cycle_run_002,84.0,0.0,0.0,0,0,0,0,0.0,0.0,0.0,0.0,710.0,85.0,534.0
full_cycle_run_002,85.0,0.0,0.0,0,0,0,0,0.0,0.0,0.0,0.0,710.0,81.0,525.0
full_cycle_run_002,86.0,0.0,0.0,0,0,0,0,0.0,0.0,0.0,0.0,710.0,81.0,529.0
full_cycle_run_002,87.0,0.0,0.0,0,0,0,0,0.0,0.0,0.0,0.0,710.0,85.0,529.0
full_cycle_run_002,88.0,0.0,0.0,0,0,0,0,0.0,0.0,0.0,0.0,710.0,81.0,542.0
full_cycle_run_002,89.0,0.0,0.0,0,0,0,0,0.0,0.0,0.0,0.0,710.0,85.0,529.0
full_cycle_run_002,90.0,0.0,0.0,0,0,0,0,0.0,0.0,0.0,0.0,710.0,85.0,529.0
full_cycle_run_002,91.0,0.0,0.0,0,0,0,0,0.0,0.0,0.0,0.0,710.0,81.0,533.0
full_cycle_run_002,92.0,0.0,0.0,0,0,0,0,0.0,0.0,0.0,0.0,710.0,81.0,533.0
full_cycle_run_002,93.0,0.0,0.0,0,0,0,0,0.0,0.0,0.0,0.0,710.0,83.0,529.0
full_cycle_run_002,94.0,0.0,0.0,0,0,0,0,0.0,0.0,0.0,0.0,710.0,85.0,529.0
full_cycle_run_002,95.0,0.0,0.0,0,0,0,0,0.0,0.0,0.0,0.0,710.0,81.0,528.0
full_cycle_run_002,96.0,0.0,0.0,0,0,0,0,0.0,0.0,0.0,0.0,710.0,85.0,533.0
full_cycle_run_002,97.0,0.0,0.0,0,0,0,0,0.0,0.0,0.0,0.0,710.0,83.0,532.0
full_cycle_run_002,98.0,0.0,0.0,0,0,0,0,0.0,0.0,0.0,0.0,710.0,81.0,532.0
full_cycle_run_002,99.0,0.0,0.0,0,0,0,0,0.0,0.0,0.0,0.0,710.0,81.0,532.0
full_cycle_run_002,100.0,200.0,0.0,0,0,0,0,0.0,0.0,0.0,0.0,710.0,81.0,527.0
full_cycle_run_002,101.0,200.0,0.0,0,0,0,0,10.0,0.0,0.0,0.0,710.0,81.0,528.0
full_cycle_run_002,102.0,200.0,0.0,0,0,0,0,12.0,0.0,0.0,0.0,710.0,81.0,535.0
full_cycle_run_002,103.0,200.0,0.0,0,0,0,0,10.0,0.0,0.0,0.0,710.0,81.0,527.0
full_cycle_run_002,104.0,200.0,0.0,0,0,0,0,9.0,0.0,0.0,0.0,710.0,81.0,527.0
full_cycle_run_002,105.0,200.0,0.0,0,0,0,0,10.0,0.0,0.0,0.0,710.0,81.0,523.0
full_cycle_run_002,106.0,200.0,0.0,0,0,0,0,9.0,0.0,0.0,0.0,710.0,81.0,532.0
full_cycle_run_002,107.0,200.0,0.0,0,0,0,0,10.0,0.0,0.0,0.0,710.0,81.0,523.0
full_cycle_run_002,108.0,200.0,0.0,0,0,0,0,9.0,0.0,0.0,0.0,710.0,81.0,527.0
full_cycle_run_002,109.0,200.0,0.0,0,0,0,0,10.0,0.0,0.0,0.0,710.0,81.0,527.0
full_cycle_run_002,110.0,200.0,0.0,0,0,0,0,9.0,0.0,0.0,0.0,710.0,81.0,527.0
full_cycle_run_002,111.0,200.0,0.0,0,0,0,0,10.0,0.0,0.0,0.0,710.0,81.0,527.0
full_cycle_run_002,112.0,200.0,0.0,0,0,0,0,9.0,0.0,0.0,0.0,710.0,81.0,526.0
full_cycle_run_002,113.0,200.0,0.0,0,0,0,0,9.0,0.0,0.0,0.0,710.0,81.0,526.0
full_cycle_run_002,114.0,200.0,0.0,0,0,0,0,10.0,0.0,0.0,0.0,710.0,81.0,526.0
full_cycle_run_002,115.0,200.0,0.0,0,0,0,0,9.0,0.0,0.0,0.0,710.0,81.0,526.0
full_cycle_run_002,116.0,200.0,0.0,0,0,0,0,10.0,0.0,0.0,0.0,710.0,81.0,526.0
full_cycle_run_002,117.0,200.0,0.0,0,0,0,0,9.0,0.0,0.0,0.0,710.0,81.0,522.0
full_cycle_run_002,118.0,200.0,0.0,0,0,0,0,10.0,0.0,0.0,0.0,710.0,81.0,526.0
full_cycle_run_002,119.0,200.0,0.0,0,0,0,0,10.0,0.0,0.0,0.0,710.0,81.0,521.0
full_cycle_run_002,120.0,200.0,0.0,0,0,0,0,9.0,0.0,0.0,0.0,710.0,81.0,521.0
full_cycle_run_002,121.0,200.0,0.0,0,0,0,0,10.0,0.0,0.0,0.0,710.0,81.0,525.0
full_cycle_run_002,122.0,200.0,0.0,0,0,0,0,9.0,0.0,0.0,0.0,710.0,81.0,525.0
full_cycle_run_002,123.0,200.0,0.0,0,0,0,0,10.0,0.0,0.0,0.0,710.0,81.0,525.0
full_cycle_run_002,124.0,200.0,0.0,0,0,0,0,9.0,0.0,0.0,0.0,710.0,81.0,525.0
full_cycle_run_002,125.0,200.0,0.0,0,0,0,0,10.0,0.0,0.0,0.0,710.0,81.0,525.0
full_cycle_run_002,126.0,200.0,0.0,0,0,0,0,9.0,0.0,0.0,0.0,710.0,81.0,525.0
full_cycle_run_002,127.0,200.0,0.0,0,0,0,0,10.0,0.0,0.0,0.0,710.0,81.0,525.0
full_cycle_run_002,128.0,200.0,0.0,0,0,0,0,10.0,0.0,0.0,0.0,710.0,81.0,520.0
full_cycle_run_002,129.0,200.0,0.0,0,0,0,0,9.0,0.0,0.0,0.0,710.0,81.0,524.0
full_cycle_run_002,130.0,200.0,0.0,0,0,0,0,10.0,0.0,0.0,0.0,710.0,81.0,520.0
full_cycle_run_002,131.0,200.0,0.0,0,0,0,0,9.0,0.0,0.0,0.0,710.0,81.0,524.0
full_cycle_run_002,132.0,200.0,0.0,0,0,0,0,10.0,0.0,0.0,0.0,710.0,81.0,524.0
full_cycle_run_002,133.0,200.0,0.0,0,0,0,0,9.0,0.0,0.0,0.0,710.0,81.0,524.0
full_cycle_run_002,134.0,200.0,0.0,0,0,0,0,10.0,0.0,0.0,0.0,710.0,81.0,524.0
full_cycle_run_002,135.0,200.0,0.0,0,0,0,0,10.0,0.0,0.0,0.0,710.0,81.0,524.0
full_cycle_run_002,136.0,200.0,0.0,0,0,0,0,9.0,0.0,0.0,0.0,710.0,81.0,524.0
full_cycle_run_002,137.0,200.0,0.0,0,0,0,0,10.0,0.0,0.0,0.0,710.0,81.0,523.0
full_cycle_run_002,138.0,200.0,0.0,0,0,0,0,10.0,0.0,0.0,0.0,710.0,81.0,523.0
full_cycle_run_002,139.0,200.0,0.0,0,0,0,0,9.0,0.0,0.0,0.0,710.0,86.0,523.0
full_cycle_run_002,140.0,200.0,0.0,0,0,0,0,10.0,0.0,0.0,0.0,710.0,86.0,523.0
full_cycle_run_002,141.0,200.0,0.0,0,0,0,0,9.0,0.0,0.0,0.0,710.0,86.0,523.0
full_cycle_run_002,142.0,200.0,0.0,0,0,0,0,10.0,0.0,0.0,0.0,710.0,81.0,523.0
full_cycle_run_002,143.0,200.0,0.0,1,0,0,0,10.0,0.0,0.0,0.0,710.0,81.0,523.0
full_cycle_run_002,144.0,200.0,0.0,1,0,0,0,9.0,0.0,0.0,0.0,710.0,81.0,522.0
full_cycle_run_002,145.0,200.0,0.0,1,0,0,0,10.0,0.0,4.0,0.0,710.0,81.0,522.0
full_cycle_run_002,146.0,200.0,0.0,1,0,0,0,9.0,0.0,7.0,0.0,710.0,86.0,522.0
full_cycle_run_002,147.0,200.0,0.0,1,0,0,0,10.0,0.0,7.0,0.0,710.0,81.0,522.0
full_cycle_run_002,148.0,200.0,0.0,1,0,0,0,9.0,0.0,7.0,0.0,710.0,86.0,522.0
full_cycle_run_002,149.0,200.0,0.0,1,0,0,0,10.0,0.0,8.0,0.0,710.0,81.0,522.0
full_cycle_run_002,150.0,200.0,0.0,1,0,0,0,9.0,0.0,7.0,0.0,710.0,81.0,522.0
full_cycle_run_002,151.0,200.0,0.0,1,0,0,0,10.0,0.0,7.0,0.0,710.0,81.0,522.0
full_cycle_run_002,152.0,200.0,0.0,1,0,0,0,10.0,0.0,7.0,0.0,710.0,81.0,521.0
full_cycle_run_002,153.0,200.0,0.0,1,0,0,0,9.0,0.0,6.0,0.0,710.0,86.0,517.0
full_cycle_run_002,154.0,200.0,0.0,1,0,0,0,10.0,0.0,7.0,0.0,710.0,81.0,521.0
full_cycle_run_002,155.0,200.0,0.0,1,0,0,0,9.0,0.0,7.0,0.0,710.0,81.0,521.0
full_cycle_run_002,156.0,200.0,0.0,1,0,0,0,10.0,0.0,7.0,0.0,710.0,81.0,521.0
full_cycle_run_002,157.0,200.0,0.0,1,0,0,0,9.0,0.0,8.0,0.0,710.0,81.0,517.0
full_cycle_run_002,158.0,200.0,0.0,1,0,0,0,10.0,0.0,7.0,0.0,710.0,81.0,517.0
full_cycle_run_002,159.0,200.0,0.0,1,0,0,0,9.0,0.0,7.0,0.0,710.0,81.0,516.0
full_cycle_run_002,160.0,200.0,0.0,1,0,0,0,10.0,0.0,8.0,0.0,710.0,81.0,516.0
full_cycle_run_002,161.0,200.0,0.0,1,0,0,0,9.0,0.0,7.0,0.0,710.0,81.0,520.0
full_cycle_run_002,162.0,200.0,0.0,1,0,0,0,10.0,0.0,7.0,0.0,710.0,81.0,520.0
full_cycle_run_002,163.0,200.0,0.0,1,0,0,0,10.0,0.0,6.0,0.0,710.0,81.0,520.0
full_cycle_run_002,164.0,200.0,0.0,1,0,0,0,9.0,0.0,8.0,0.0,710.0,81.0,520.0
full_cycle_run_002,165.0,200.0,0.0,1,0,0,0,10.0,0.0,7.0,0.0,710.0,86.0,520.0
full_cycle_run_002,166.0,200.0,0.0,1,0,0,0,9.0,0.0,7.0,0.0,710.0,81.0,520.0
full_cycle_run_002,167.0,200.0,0.0,1,0,0,0,10.0,0.0,7.0,0.0,710.0,81.0,520.0
full_cycle_run_002,168.0,200.0,0.0,1,0,0,0,9.0,0.0,7.0,0.0,710.0,81.0,520.0
full_cycle_run_002,169.0,200.0,0.0,1,0,0,0,10.0,0.0,7.0,0.0,710.0,81.0,520.0
full_cycle_run_002,170.0,200.0,0.0,1,0,0,0,10.0,0.0,6.0,0.0,710.0,81.0,520.0
full_cycle_run_002,171.0,200.0,0.0,1,0,0,0,9.0,0.0,9.0,0.0,710.0,81.0,519.0
full_cycle_run_002,172.0,200.0,0.0,1,0,0,0,10.0,0.0,8.0,0.0,710.0,81.0,519.0
full_cycle_run_002,173.0,200.0,0.0,1,0,0,0,10.0,0.0,6.0,0.0,710.0,81.0,519.0
full_cycle_run_002,174.0,200.0,0.0,1,0,0,0,10.0,0.0,8.0,0.0,710.0,81.0,519.0
full_cycle_run_002,175.0,200.0,0.0,1,0,0,0,10.0,0.0,7.0,0.0,710.0,81.0,515.0
full_cycle_run_002,176.0,200.0,0.0,1,0,0,0,9.0,0.0,6.0,0.0,710.0,81.0,517.0
full_cycle_run_002,177.0,200.0,0.0,1,0,0,0,10.0,0.0,7.0,0.0,710.0,81.0,519.0
full_cycle_run_002,178.0,200.0,0.0,1,0,0,0,9.0,0.0,7.0,0.0,710.0,81.0,519.0
full_cycle_run_002,179.0,200.0,0.0,1,0,0,0,10.0,0.0,8.0,0.0,710.0,81.0,518.0
full_cycle_run_002,180.0,200.0,0.0,1,0,0,0,10.0,0.0,8.0,0.0,710.0,81.0,518.0
full_cycle_run_002,181.0,200.0,0.0,1,0,0,0,9.0,0.0,6.0,0.0,710.0,81.0,518.0
full_cycle_run_002,182.0,200.0,0.0,1,0,0,0,10.0,0.0,7.0,0.0,710.0,81.0,518.0
full_cycle_run_002,183.0,200.0,0.0,1,0,0,0,9.0,0.0,8.0,0.0,710.0,81.0,518.0
full_cycle_run_002,184.0,200.0,0.0,1,0,0,0,10.0,0.0,8.0,0.0,710.0,81.0,518.0
full_cycle_run_002,185.0,200.0,0.0,1,0,0,0,9.0,0.0,7.0,0.0,710.0,81.0,518.0
full_cycle_run_002,186.0,200.0,0.0,1,0,0,0,10.0,0.0,7.0,0.0,710.0,81.0,518.0
full_cycle_run_002,187.0,200.0,0.0,1,0,0,0,9.0,0.0,7.0,0.0,710.0,81.0,517.0
full_cycle_run_002,188.0,200.0,0.0,1,0,0,0,10.0,0.0,8.0,0.0,710.0,81.0,517.0
full_cycle_run_002,189.0,200.0,0.0,1,0,0,0,10.0,0.0,6.0,0.0,710.0,81.0,517.0
full_cycle_run_002,190.0,200.0,0.0,1,0,0,0,9.0,0.0,7.0,0.0,710.0,81.0,517.0
full_cycle_run_002,191.0,200.0,0.0,1,0,0,0,10.0,0.0,7.0,0.0,710.0,81.0,517.0
full_cycle_run_002,192.0,200.0,0.0,1,0,0,0,9.0,0.0,8.0,0.0,710.0,81.0,517.0
full_cycle_run_002,193.0,200.0,0.0,1,0,0,0,10.0,0.0,7.0,0.0,710.0,81.0,517.0
full_cycle_run_002,194.0,200.0,0.0,1,0,0,0,10.0,0.0,7.0,0.0,710.0,81.0,516.5
full_cycle_run_002,195.0,200.0,0.0,1,0,0,0,10.0,0.0,8.0,0.0,710.0,81.0,516.0
full_cycle_run_002,196.0,200.0,0.0,1,0,0,0,9.0,0.0,6.0,0.0,710.0,81.0,512.0
full_cycle_run_002,197.0,200.0,0.0,1,0,0,0,10.0,0.0,8.0,0.0,710.0,81.0,512.0
full_cycle_run_002,198.0,200.0,0.0,1,0,0,0,9.0,0.0,7.0,0.0,710.0,81.0,516.0
full_cycle_run_002,199.0,200.0,0.0,1,0,0,0,10.0,0.0,7.0,0.0,710.0,81.0,516.0
full_cycle_run_002,200.0,200.0,0.0,1,0,0,0,10.0,0.0,7.0,0.0,710.0,81.0,516.0
full_cycle_run_002,201.0,200.0,0.0,1,0,0,0,9.0,0.0,7.0,0.0,710.0,81.0,516.0
full_cycle_run_002,202.0,200.0,0.0,1,0,0,0,10.0,0.0,7.0,0.0,710.0,81.0,516.0
full_cycle_run_002,203.0,200.0,0.0,1,0,0,0,9.0,0.0,8.0,0.0,710.0,81.0,516.0
full_cycle_run_002,204.0,200.0,0.0,1,0,0,0,10.0,0.0,7.0,0.0,710.0,81.0,516.0
full_cycle_run_002,205.0,200.0,0.0,1,0,0,0,10.0,0.0,6.0,0.0,710.0,81.0,516.0
full_cycle_run_002,206.0,200.0,0.0,1,0,0,0,9.0,0.0,7.0,0.0,710.0,81.0,515.0
full_cycle_run_002,207.0,200.0,0.0,1,0,0,0,10.0,0.0,8.0,0.0,710.0,81.0,515.0
full_cycle_run_002,208.0,200.0,0.0,1,0,0,0,9.0,0.0,7.0,0.0,710.0,86.0,511.0
full_cycle_run_002,209.0,200.0,0.0,1,0,0,0,10.0,0.0,8.0,0.0,710.0,81.0,515.0
full_cycle_run_002,210.0,200.0,0.0,1,0,0,0,10.0,0.0,7.0,0.0,710.0,86.0,515.0
full_cycle_run_002,211.0,200.0,0.0,1,0,0,0,9.0,0.0,8.0,0.0,710.0,86.0,515.0
full_cycle_run_002,212.0,200.0,0.0,1,0,0,0,10.0,0.0,7.0,0.0,710.0,86.0,515.0
full_cycle_run_002,213.0,200.0,0.0,1,0,0,0,10.0,0.0,7.0,0.0,706.0,81.0,510.0
full_cycle_run_002,214.0,200.0,0.0,1,0,0,0,9.0,0.0,8.0,0.0,710.0,86.0,510.0
full_cycle_run_002,215.0,200.0,0.0,1,0,0,0,10.0,0.0,7.0,0.0,710.0,81.0,515.0
full_cycle_run_002,216.0,200.0,0.0,1,0,0,0,9.0,0.0,9.0,0.0,710.0,81.0,514.0
full_cycle_run_002,217.0,200.0,0.0,1,0,0,0,10.0,0.0,7.0,0.0,710.0,81.0,510.0
full_cycle_run_002,218.0,200.0,0.0,1,0,0,0,10.0,0.0,6.0,0.0,710.0,81.0,514.0
full_cycle_run_002,219.0,200.0,0.0,1,0,0,0,9.0,0.0,7.0,0.0,710.0,81.0,510.0
full_cycle_run_002,220.0,200.0,0.0,1,0,0,0,10.0,0.0,9.0,0.0,710.0,81.0,514.0
full_cycle_run_002,221.0,200.0,0.0,1,0,0,0,10.0,0.0,7.0,0.0,710.0,81.0,514.0
full_cycle_run_002,222.0,200.0,0.0,1,0,0,0,9.0,0.0,7.0,0.0,710.0,81.0,514.0
full_cycle_run_002,223.0,200.0,0.0,1,0,0,0,10.0,0.0,7.0,0.0,710.0,81.0,514.0
full_cycle_run_002,224.0,200.0,0.0,1,0,0,0,10.0,0.0,9.0,0.0,710.0,81.0,514.0
full_cycle_run_002,225.0,200.0,0.0,1,0,0,0,10.0,0.0,8.0,0.0,710.0,81.0,513.0
full_cycle_run_002,226.0,200.0,0.0,1,0,0,0,10.0,0.0,7.0,0.0,710.0,81.0,513.0
full_cycle_run_002,227.0,200.0,0.0,1,0,0,0,10.0,0.0,7.0,0.0,710.0,81.0,513.0
full_cycle_run_002,228.0,200.0,0.0,1,0,0,0,9.0,0.0,8.0,0.0,710.0,81.0,513.0
full_cycle_run_002,229.0,200.0,0.0,1,0,0,0,10.0,0.0,6.0,0.0,710.0,81.0,513.0
full_cycle_run_002,230.0,200.0,0.0,1,0,0,0,9.0,0.0,7.0,0.0,710.0,81.0,513.0
full_cycle_run_002,231.0,200.0,0.0,1,0,0,0,10.0,0.0,7.0,0.0,710.0,81.0,513.0
full_cycle_run_002,232.0,200.0,0.0,1,0,0,0,10.0,0.0,7.0,0.0,710.0,81.0,512.0
full_cycle_run_002,233.0,200.0,0.0,1,0,0,0,9.0,0.0,7.0,0.0,710.0,81.0,512.0
full_cycle_run_002,234.0,200.0,0.0,1,0,0,0,10.0,0.0,8.0,0.0,710.0,81.0,512.0
full_cycle_run_002,235.0,200.0,0.0,1,0,0,0,10.0,0.0,6.0,0.0,710.0,81.0,508.0
full_cycle_run_002,236.0,200.0,0.0,1,0,0,0,9.0,0.0,8.0,0.0,710.0,81.0,512.0
full_cycle_run_002,237.0,200.0,0.0,1,0,0,0,10.0,0.0,7.0,0.0,710.0,81.0,512.0
full_cycle_run_002,238.0,200.0,0.0,1,0,0,0,9.0,0.0,8.0,0.0,710.0,81.0,512.0
full_cycle_run_002,239.0,200.0,0.0,1,0,0,0,10.0,0.0,8.0,0.0,710.0,81.0,508.0
full_cycle_run_002,240.0,200.0,0.0,1,0,0,0,10.0,0.0,7.0,0.0,710.0,81.0,512.0
full_cycle_run_002,241.0,200.0,0.0,1,0,0,0,9.0,0.0,7.0,0.0,710.0,81.0,511.0
full_cycle_run_002,242.0,200.0,0.0,1,0,0,0,10.0,0.0,7.0,0.0,710.0,81.0,511.0
full_cycle_run_002,243.0,200.0,0.0,1,0,0,0,10.0,0.0,7.0,0.0,710.0,81.0,511.0
full_cycle_run_002,244.0,200.0,0.0,1,0,0,0,9.0,0.0,8.0,0.0,710.0,81.0,507.0
full_cycle_run_002,245.0,200.0,0.0,1,0,0,0,10.0,0.0,11.0,0.0,710.0,81.0,511.0
full_cycle_run_002,246.0,200.0,0.0,1,0,0,0,9.0,0.0,7.0,0.0,710.0,81.0,507.0
full_cycle_run_002,247.0,200.0,0.0,1,0,0,0,10.0,0.0,7.0,0.0,710.0,81.0,507.0
full_cycle_run_002,248.0,200.0,0.0,1,0,0,0,10.0,0.0,7.0,0.0,710.0,81.0,507.0
full_cycle_run_002,249.0,200.0,0.0,1,0,0,0,9.0,0.0,7.0,0.0,710.0,81.0,506.0
full_cycle_run_002,250.0,200.0,0.0,1,0,0,0,10.0,0.0,9.0,0.0,710.0,81.0,511.0
full_cycle_run_002,251.0,200.0,0.0,1,0,0,0,10.0,0.0,7.0,0.0,710.0,81.0,506.0
full_cycle_run_002,252.0,200.0,0.0,1,0,0,0,9.0,0.0,6.0,0.0,710.0,85.0,506.0
full_cycle_run_002,253.0,200.0,0.0,1,0,0,0,10.0,0.0,10.0,0.0,706.0,81.0,506.0
full_cycle_run_002,254.0,200.0,0.0,1,0,0,0,9.0,0.0,7.0,0.0,710.0,81.0,510.0
full_cycle_run_002,255.0,200.0,0.0,1,0,0,0,10.0,0.0,7.0,0.0,710.0,85.0,508.0
full_cycle_run_002,256.0,200.0,0.0,1,0,0,0,10.0,0.0,8.0,0.0,710.0,81.0,506.0
full_cycle_run_002,257.0,200.0,0.0,1,0,0,0,9.0,0.0,7.0,0.0,710.0,85.0,510.0
full_cycle_run_002,258.0,200.0,0.0,1,0,0,0,10.0,0.0,7.0,0.0,710.0,85.0,510.0
full_cycle_run_002,259.0,200.0,0.0,1,0,0,0,9.0,0.0,7.0,0.0,710.0,81.0,510.0
full_cycle_run_002,260.0,200.0,0.0,1,0,0,0,10.0,0.0,8.0,0.0,710.0,81.0,509.0
full_cycle_run_002,261.0,200.0,0.0,1,0,0,0,10.0,0.0,7.0,0.0,710.0,85.0,509.0
full_cycle_run_002,262.0,200.0,0.0,1,0,0,0,9.0,0.0,7.0,0.0,710.0,81.0,509.0
full_cycle_run_002,263.0,200.0,0.0,1,0,0,0,10.0,0.0,8.0,0.0,710.0,81.0,509.0
full_cycle_run_002,264.0,200.0,0.0,1,0,0,0,9.0,0.0,7.0,0.0,710.0,85.0,509.0
full_cycle_run_002,265.0,200.0,0.0,1,0,0,0,10.0,0.0,8.0,0.0,710.0,81.0,509.0
full_cycle_run_002,266.0,200.0,0.0,1,0,0,0,9.0,0.0,6.0,0.0,710.0,85.0,509.0
full_cycle_run_002,267.0,200.0,0.0,1,0,0,0,10.0,0.0,7.0,0.0,710.0,81.0,509.0
full_cycle_run_002,268.0,200.0,0.0,1,0,0,0,10.0,0.0,7.0,0.0,710.0,81.0,509.0
full_cycle_run_002,269.0,200.0,0.0,1,0,0,0,9.0,0.0,9.0,0.0,710.0,81.0,509.0
full_cycle_run_002,270.0,200.0,0.0,1,0,0,0,10.0,0.0,7.0,0.0,710.0,81.0,508.0
full_cycle_run_002,271.0,200.0,0.0,1,0,0,0,9.0,0.0,8.0,0.0,710.0,85.0,508.0
full_cycle_run_002,272.0,200.0,0.0,1,0,0,0,10.0,0.0,8.0,0.0,710.0,81.0,508.0
full_cycle_run_002,273.0,200.0,0.0,1,0,0,0,10.0,0.0,9.0,0.0,710.0,81.0,508.0
full_cycle_run_002,274.0,200.0,0.0,1,0,0,0,10.0,0.0,7.0,0.0,710.0,81.0,508.0
full_cycle_run_002,275.0,200.0,0.0,1,0,0,0,10.0,0.0,6.0,0.0,710.0,85.0,508.0
full_cycle_run_002,276.0,200.0,0.0,1,0,0,0,10.0,0.0,7.0,0.0,710.0,81.0,508.0
full_cycle_run_002,277.0,200.0,0.0,1,0,0,0,9.0,0.0,7.0,0.0,710.0,81.0,508.0
full_cycle_run_002,278.0,200.0,0.0,1,0,0,0,10.0,0.0,7.0,0.0,710.0,81.0,508.0
full_cycle_run_002,279.0,200.0,0.0,1,0,0,0,9.0,0.0,7.0,0.0,710.0,81.0,508.0
full_cycle_run_002,280.0,200.0,0.0,1,0,0,0,10.0,0.0,7.0,0.0,710.0,81.0,507.0
full_cycle_run_002,281.0,200.0,0.0,1,0,0,0,9.0,0.0,8.0,0.0,710.0,86.0,507.0
full_cycle_run_002,282.0,200.0,0.0,1,0,0,0,10.0,0.0,8.0,0.0,710.0,81.0,507.0
full_cycle_run_002,283.0,200.0,0.0,1,0,0,0,9.0,0.0,8.0,0.0,710.0,81.0,507.0
full_cycle_run_002,284.0,200.0,0.0,1,0,0,0,10.0,0.0,8.0,0.0,710.0,81.0,507.0
full_cycle_run_002,285.0,200.0,0.0,1,0,0,0,10.0,0.0,6.0,0.0,710.0,81.0,503.0
full_cycle_run_002,286.0,200.0,0.0,1,0,0,0,9.0,0.0,7.0,0.0,710.0,81.0,507.0
full_cycle_run_002,287.0,200.0,0.0,1,0,0,0,10.0,0.0,7.0,0.0,710.0,81.0,507.0
full_cycle_run_002,288.0,200.0,0.0,1,0,0,0,9.0,0.0,8.0,0.0,710.0,81.0,506.0
full_cycle_run_002,289.0,200.0,0.0,1,0,0,0,10.0,0.0,8.0,0.0,710.0,81.0,506.0
full_cycle_run_002,290.0,200.0,0.0,1,0,0,0,10.0,0.0,7.0,0.0,710.0,81.0,502.0
full_cycle_run_002,291.0,200.0,0.0,1,0,0,0,9.0,0.0,8.0,0.0,710.0,81.0,506.0
full_cycle_run_002,292.0,200.0,0.0,1,0,0,0,10.0,0.0,8.0,0.0,710.0,81.0,506.0
full_cycle_run_002,293.0,200.0,0.0,1,0,0,0,9.0,0.0,7.0,0.0,710.0,81.0,506.0
full_cycle_run_002,294.0,200.0,0.0,1,0,0,0,10.0,0.0,7.0,0.0,710.0,81.0,506.0
full_cycle_run_002,295.0,200.0,0.0,1,0,0,0,9.0,0.0,7.0,0.0,710.0,81.0,506.0
full_cycle_run_002,296.0,200.0,0.0,1,0,0,0,10.0,0.0,8.0,0.0,710.0,81.0,506.0
full_cycle_run_002,297.0,200.0,0.0,1,0,0,0,10.0,0.0,7.0,0.0,710.0,81.0,506.0
full_cycle_run_002,298.0,200.0,0.0,1,0,0,0,9.0,0.0,7.0,0.0,710.0,81.0,506.0
full_cycle_run_002,299.0,200.0,0.0,1,0,0,0,11.0,0.0,7.0,0.0,710.0,81.0,505.0
full_cycle_run_002,300.0,200.0,0.0,1,0,0,0,9.0,0.0,6.0,0.0,710.0,81.0,505.0
full_cycle_run_002,301.0,200.0,0.0,1,0,0,0,10.0,0.0,8.0,0.0,710.0,81.0,505.0
full_cycle_run_002,302.0,200.0,0.0,1,0,0,0,9.0,0.0,8.0,0.0,710.0,81.0,505.0
full_cycle_run_002,303.0,200.0,0.0,1,0,0,0,10.0,0.0,8.0,0.0,710.0,81.0,505.0
full_cycle_run_002,304.0,200.0,0.0,1,0,0,0,9.0,0.0,7.0,0.0,710.0,81.0,505.0
full_cycle_run_002,305.0,200.0,0.0,1,0,0,0,10.0,0.0,7.0,0.0,710.0,81.0,505.0
full_cycle_run_002,306.0,200.0,0.0,1,0,0,0,9.0,0.0,7.0,0.0,710.0,81.0,505.0
full_cycle_run_002,307.0,200.0,0.0,1,0,0,0,10.0,0.0,7.0,0.0,710.0,81.0,505.0
full_cycle_run_002,308.0,200.0,0.0,1,0,0,0,10.0,0.0,8.0,0.0,710.0,81.0,504.0
full_cycle_run_002,309.0,200.0,0.0,1,0,0,0,9.0,0.0,8.0,0.0,710.0,81.0,504.0
full_cycle_run_002,310.0,200.0,0.0,1,0,0,0,10.0,0.0,7.0,0.0,710.0,81.0,505.0
full_cycle_run_002,311.0,200.0,0.0,1,0,0,0,9.0,0.0,8.0,0.0,710.0,81.0,504.0
full_cycle_run_002,312.0,200.0,0.0,1,0,0,0,10.0,0.0,8.0,0.0,710.0,81.0,504.0
full_cycle_run_002,313.0,200.0,0.0,1,0,0,0,10.0,0.0,7.0,0.0,710.0,81.0,504.0
full_cycle_run_002,314.0,200.0,0.0,1,0,0,0,9.0,0.0,8.0,0.0,710.0,81.0,504.0
full_cycle_run_002,315.0,200.0,0.0,1,0,0,0,10.0,0.0,8.0,0.0,706.0,81.0,504.0
full_cycle_run_002,316.0,200.0,0.0,1,0,0,0,9.0,0.0,7.0,0.0,710.0,81.0,504.0
full_cycle_run_002,317.0,200.0,0.0,1,0,0,0,10.0,0.0,7.0,0.0,706.0,81.0,504.0
full_cycle_run_002,318.0,200.0,0.0,1,0,0,0,10.0,0.0,7.0,0.0,710.0,81.0,504.0
full_cycle_run_002,319.0,200.0,0.0,1,0,0,0,9.0,0.0,7.0,0.0,710.0,81.0,504.0
full_cycle_run_002,320.0,200.0,0.0,1,0,0,0,10.0,0.0,8.0,0.0,710.0,81.0,504.0
full_cycle_run_002,321.0,200.0,0.0,1,0,0,0,9.0,0.0,10.0,0.0,710.0,81.0,503.0
full_cycle_run_002,322.0,200.0,0.0,1,0,0,0,10.0,0.0,7.0,0.0,710.0,81.0,503.0
full_cycle_run_002,323.0,200.0,0.0,1,0,0,0,10.0,0.0,7.0,0.0,710.0,81.0,503.0
full_cycle_run_002,324.0,200.0,0.0,1,0,0,0,9.0,0.0,8.0,0.0,710.0,83.5,503.0
full_cycle_run_002,325.0,200.0,0.0,1,0,0,0,10.0,0.0,7.0,0.0,710.0,86.0,503.0
full_cycle_run_002,326.0,200.0,0.0,1,0,0,0,9.0,0.0,7.0,0.0,710.0,81.0,503.0
full_cycle_run_002,327.0,200.0,0.0,1,0,0,0,10.0,0.0,7.0,0.0,710.0,81.0,503.0
full_cycle_run_002,328.0,200.0,0.0,1,0,0,0,10.0,0.0,8.0,0.0,710.0,81.0,503.0
full_cycle_run_002,329.0,200.0,0.0,1,0,0,0,9.0,0.0,9.0,0.0,710.0,81.0,503.0
full_cycle_run_002,330.0,200.0,0.0,1,0,0,0,10.0,0.0,7.0,0.0,710.0,81.0,503.0
full_cycle_run_002,331.0,200.0,0.0,1,0,0,0,9.0,0.0,7.0,0.0,710.0,81.0,502.0
full_cycle_run_002,332.0,200.0,0.0,1,0,0,0,10.0,0.0,8.0,0.0,710.0,81.0,502.0
full_cycle_run_002,333.0,200.0,0.0,1,0,0,0,10.0,0.0,8.0,0.0,710.0,81.0,502.0
full_cycle_run_002,334.0,200.0,0.0,1,0,0,0,9.0,0.0,7.0,0.0,710.0,81.0,498.0
full_cycle_run_002,335.0,200.0,0.0,1,0,0,0,10.0,0.0,8.0,0.0,710.0,81.0,498.0
full_cycle_run_002,336.0,200.0,0.0,1,0,0,0,9.0,0.0,7.0,0.0,710.0,81.0,502.0
full_cycle_run_002,337.0,200.0,0.0,1,0,0,0,10.0,0.0,7.0,0.0,710.0,81.0,502.0
full_cycle_run_002,338.0,200.0,0.0,1,0,0,0,10.0,0.0,7.0,0.0,710.0,81.0,502.0
full_cycle_run_002,339.0,200.0,0.0,1,0,0,0,9.0,0.0,7.0,0.0,710.0,81.0,502.0
full_cycle_run_002,340.0,200.0,0.0,1,0,0,0,11.0,0.0,7.0,0.0,710.0,81.0,502.0
full_cycle_run_002,341.0,200.0,0.0,1,0,0,0,10.0,0.0,7.0,0.0,710.0,81.0,501.0
full_cycle_run_002,342.0,200.0,0.0,1,0,0,0,9.0,0.0,8.0,0.0,710.0,81.0,501.0
full_cycle_run_002,343.0,200.0,0.0,1,0,0,0,10.0,0.0,8.0,0.0,710.0,81.0,501.0
full_cycle_run_002,344.0,200.0,0.0,1,0,0,0,10.0,0.0,7.0,0.0,710.0,81.0,501.0
full_cycle_run_002,345.0,200.0,0.0,1,0,0,0,9.0,0.0,7.0,0.0,710.0,81.0,501.0
full_cycle_run_002,346.0,200.0,0.0,1,0,0,0,10.0,0.0,9.0,0.0,710.0,81.0,501.0
full_cycle_run_002,347.0,200.0,0.0,1,0,0,0,9.0,0.0,8.0,0.0,710.0,81.0,501.0
full_cycle_run_002,348.0,200.0,0.0,1,0,0,0,10.0,0.0,7.0,0.0,710.0,81.0,501.0
full_cycle_run_002,349.0,200.0,0.0,1,0,0,0,10.0,0.0,7.0,0.0,710.0,81.0,501.0
full_cycle_run_002,350.0,200.0,0.0,1,0,0,0,9.0,0.0,7.0,0.0,710.0,81.0,500.0
full_cycle_run_002,351.0,200.0,0.0,1,0,0,0,10.0,0.0,7.0,0.0,710.0,81.0,500.0
full_cycle_run_002,352.0,200.0,0.0,1,0,0,0,10.0,0.0,7.0,0.0,710.0,81.0,500.0
full_cycle_run_002,353.0,200.0,0.0,1,0,0,0,9.0,0.0,7.0,0.0,710.0,81.0,500.0
full_cycle_run_002,354.0,200.0,0.0,1,0,0,0,9.0,0.0,8.0,0.0,710.0,81.0,500.0
full_cycle_run_002,355.0,200.0,0.0,1,0,0,0,10.0,0.0,8.0,0.0,710.0,81.0,500.0
full_cycle_run_002,356.0,200.0,0.0,1,0,0,0,9.0,0.0,7.0,0.0,710.0,81.0,500.0
full_cycle_run_002,357.0,200.0,0.0,1,0,0,0,10.0,0.0,9.0,0.0,710.0,81.0,500.0
full_cycle_run_002,358.0,200.0,0.0,1,0,0,0,10.0,0.0,9.0,0.0,710.0,81.0,500.0
full_cycle_run_002,359.0,200.0,0.0,1,0,0,0,9.0,0.0,9.0,0.0,710.0,81.0,500.0
full_cycle_run_002,360.0,200.0,0.0,1,0,0,0,10.0,0.0,7.0,0.0,710.0,81.0,499.0
full_cycle_run_002,361.0,200.0,0.0,1,0,0,0,9.0,0.0,7.0,0.0,710.0,81.0,500.0
full_cycle_run_002,362.0,200.0,0.0,1,0,0,0,10.0,0.0,8.0,0.0,710.0,81.0,499.0
full_cycle_run_002,363.0,200.0,0.0,1,0,0,0,10.0,0.0,7.0,0.0,710.0,81.0,499.0
full_cycle_run_002,364.0,200.0,0.0,1,0,0,0,9.0,0.0,8.0,0.0,710.0,81.0,499.0
full_cycle_run_002,365.0,200.0,0.0,1,0,0,0,10.0,0.0,7.0,0.0,710.0,81.0,499.0
full_cycle_run_002,366.0,200.0,0.0,1,0,0,0,9.0,0.0,9.0,0.0,710.0,81.0,499.0
full_cycle_run_002,367.0,200.0,0.0,1,0,0,0,10.0,0.0,7.0,0.0,710.0,81.0,499.0
full_cycle_run_002,368.0,200.0,0.0,1,0,0,0,10.0,0.0,9.0,0.0,710.0,81.0,499.0
full_cycle_run_002,369.0,200.0,0.0,1,0,0,0,9.0,0.0,8.0,0.0,710.0,81.0,496.5
full_cycle_run_002,370.0,200.0,0.0,1,0,0,0,10.0,0.0,9.0,0.0,710.0,81.0,494.0
full_cycle_run_002,371.0,200.0,0.0,1,0,0,0,10.0,0.0,8.0,0.0,710.0,81.0,499.0
full_cycle_run_002,372.0,200.0,0.0,1,0,0,0,9.0,0.0,10.0,0.0,710.0,81.0,499.0
full_cycle_run_002,373.0,200.0,0.0,1,0,0,0,10.0,0.0,8.0,0.0,710.0,83.5,494.0
full_cycle_run_002,374.0,200.0,0.0,1,0,0,0,9.0,0.0,7.0,0.0,710.0,86.0,494.0
full_cycle_run_002,375.0,200.0,0.0,1,0,0,0,10.0,0.0,8.0,0.0,710.0,86.0,494.0
full_cycle_run_002,376.0,200.0,0.0,1,0,0,0,10.0,0.0,7.0,0.0,710.0,86.0,498.0
full_cycle_run_002,377.0,200.0,0.0,1,0,0,0,9.0,0.0,8.0,0.0,710.0,83.5,498.0
full_cycle_run_002,378.0,200.0,0.0,1,0,0,0,10.0,0.0,8.0,0.0,710.0,81.0,494.0
full_cycle_run_002,379.0,200.0,0.0,1,0,0,0,10.0,0.0,9.0,0.0,710.0,81.0,494.0
full_cycle_run_002,380.0,200.0,0.0,1,0,0,0,10.0,0.0,8.0,0.0,710.0,81.0,493.0
full_cycle_run_002,381.0,200.0,0.0,1,0,0,0,9.0,0.0,7.0,0.0,710.0,86.0,493.0
full_cycle_run_002,382.0,200.0,0.0,1,0,0,0,10.0,0.0,9.0,0.0,710.0,81.0,493.0
full_cycle_run_002,383.0,200.0,0.0,1,0,0,0,9.0,0.0,7.0,0.0,710.0,81.0,493.0
full_cycle_run_002,384.0,200.0,0.0,1,0,0,0,10.0,0.0,8.0,0.0,710.0,81.0,497.0
full_cycle_run_002,385.0,200.0,0.0,1,0,0,0,10.0,0.0,7.0,0.0,710.0,81.0,497.0
full_cycle_run_002,386.0,200.0,0.0,1,0,0,0,9.0,0.0,7.0,0.0,710.0,81.0,497.0
full_cycle_run_002,387.0,200.0,0.0,1,0,0,0,10.0,0.0,9.0,0.0,710.0,86.0,497.0
full_cycle_run_002,388.0,200.0,0.0,1,0,0,0,9.0,0.0,7.0,0.0,710.0,81.0,497.0
full_cycle_run_002,389.0,200.0,0.0,1,0,0,0,10.0,0.0,8.0,0.0,710.0,81.0,497.0
full_cycle_run_002,390.0,200.0,0.0,1,0,0,0,10.0,0.0,9.0,0.0,710.0,81.0,497.0
full_cycle_run_002,391.0,200.0,0.0,1,0,0,0,9.0,0.0,8.0,0.0,710.0,81.0,497.0
full_cycle_run_002,392.0,200.0,0.0,1,0,0,0,10.0,0.0,8.0,0.0,710.0,81.0,497.0
full_cycle_run_002,393.0,200.0,0.0,1,0,0,0,10.0,0.0,8.0,0.0,710.0,81.0,496.0
full_cycle_run_002,394.0,200.0,0.0,1,0,0,0,9.0,0.0,7.0,0.0,710.0,81.0,496.0
full_cycle_run_002,395.0,200.0,0.0,1,0,0,0,10.0,0.0,8.0,0.0,710.0,81.0,496.0
full_cycle_run_002,396.0,200.0,0.0,1,0,0,0,9.0,0.0,7.0,0.0,710.0,81.0,496.0
full_cycle_run_002,397.0,200.0,0.0,1,0,0,0,10.0,0.0,8.0,0.0,710.0,81.0,496.0
full_cycle_run_002,398.0,200.0,0.0,1,0,0,0,9.0,0.0,9.0,0.0,710.0,81.0,496.0
full_cycle_run_002,399.0,200.0,0.0,1,0,0,0,10.0,0.0,7.0,0.0,710.0,81.0,496.0
full_cycle_run_002,400.0,200.0,0.0,1,0,0,0,10.0,0.0,7.0,0.0,710.0,81.0,496.0
full_cycle_run_002,401.0,200.0,0.0,1,0,0,0,9.0,0.0,7.0,0.0,710.0,81.0,496.0
full_cycle_run_002,402.0,200.0,0.0,1,0,0,0,10.0,0.0,8.0,0.0,710.0,81.0,496.0
full_cycle_run_002,403.0,200.0,0.0,1,0,0,0,9.0,0.0,8.0,0.0,710.0,81.0,496.0
full_cycle_run_002,404.0,200.0,0.0,1,0,0,0,10.0,0.0,7.0,0.0,710.0,81.0,496.0
full_cycle_run_002,405.0,200.0,0.0,1,0,0,0,10.0,0.0,9.0,0.0,710.0,81.0,495.0
full_cycle_run_002,406.0,200.0,0.0,1,0,0,0,9.0,0.0,9.0,0.0,710.0,86.0,495.0
full_cycle_run_002,407.0,200.0,0.0,1,0,0,0,10.0,0.0,7.0,0.0,710.0,85.5,495.0
full_cycle_run_002,408.0,200.0,0.0,1,0,0,0,9.0,0.0,7.0,0.0,710.0,85.0,495.0
full_cycle_run_002,409.0,200.0,0.0,1,0,0,0,10.0,0.0,7.0,0.0,710.0,81.0,495.0
full_cycle_run_002,410.0,200.0,0.0,1,0,0,0,9.0,0.0,8.0,0.0,710.0,85.0,495.0
full_cycle_run_002,411.0,200.0,0.0,1,0,0,0,10.0,0.0,7.0,0.0,710.0,85.0,495.0
full_cycle_run_002,412.0,200.0,0.0,1,0,0,0,10.0,0.0,8.0,0.0,710.0,81.0,495.0
full_cycle_run_002,413.0,200.0,0.0,1,0,0,0,9.0,0.0,9.0,0.0,710.0,81.0,495.0
full_cycle_run_002,414.0,200.0,0.0,1,0,0,0,10.0,0.0,9.0,0.0,710.0,81.0,495.0
full_cycle_run_002,415.0,200.0,0.0,1,0,0,0,10.0,0.0,8.0,0.0,710.0,81.0,494.0
full_cycle_run_002,416.0,200.0,0.0,1,0,0,0,9.0,0.0,7.0,0.0,710.0,81.0,496.0
full_cycle_run_002,417.0,200.0,0.0,1,0,0,0,10.0,0.0,8.0,0.0,710.0,85.0,496.0
full_cycle_run_002,418.0,200.0,0.0,1,0,0,0,9.0,0.0,7.0,0.0,710.0,81.0,496.0
full_cycle_run_002,419.0,200.0,0.0,1,0,0,0,10.0,0.0,10.0,0.0,710.0,81.0,496.0
full_cycle_run_002,420.0,200.0,0.0,1,0,0,0,9.0,0.0,7.0,0.0,710.0,81.0,497.0
full_cycle_run_002,421.0,200.0,0.0,1,0,0,0,10.0,0.0,8.0,0.0,710.0,81.0,493.0
full_cycle_run_002,422.0,200.0,0.0,1,0,0,0,10.0,0.0,7.0,0.0,710.0,81.0,497.0
full_cycle_run_002,423.0,200.0,0.0,1,0,0,0,9.0,0.0,8.0,0.0,710.0,81.0,498.0
full_cycle_run_002,424.0,200.0,0.0,1,0,0,0,10.0,0.0,7.0,0.0,710.0,81.0,498.0
full_cycle_run_002,425.0,200.0,0.0,1,0,0,0,10.0,0.0,9.0,0.0,710.0,81.0,494.0
full_cycle_run_002,426.0,200.0,0.0,1,0,0,0,9.0,0.0,7.0,0.0,710.0,81.0,495.0
full_cycle_run_002,427.0,200.0,0.0,1,0,0,0,10.0,0.0,8.0,0.0,710.0,81.0,499.0
full_cycle_run_002,428.0,200.0,0.0,1,0,0,0,9.0,0.0,8.0,0.0,710.0,81.0,500.0
full_cycle_run_002,429.0,200.0,0.0,1,0,0,0,10.0,0.0,7.0,0.0,710.0,81.0,500.0
full_cycle_run_002,430.0,200.0,0.0,1,0,0,0,10.0,0.0,8.0,0.0,710.0,81.0,500.0
full_cycle_run_002,431.0,200.0,0.0,1,0,0,0,9.0,0.0,8.0,0.0,710.0,81.0,501.0
full_cycle_run_002,432.0,200.0,0.0,1,0,0,0,9.0,0.0,9.0,0.0,710.0,81.0,501.0
full_cycle_run_002,433.0,200.0,0.0,1,0,0,0,9.0,0.0,7.0,0.0,710.0,81.0,501.0
full_cycle_run_002,434.0,200.0,0.0,1,0,0,0,9.0,0.0,8.0,0.0,710.0,81.0,502.0
full_cycle_run_002,435.0,200.0,0.0,1,0,0,0,10.0,0.0,8.0,0.0,710.0,81.0,502.0
full_cycle_run_002,436.0,200.0,0.0,1,0,0,0,9.0,0.0,8.0,0.0,710.0,81.0,502.0
full_cycle_run_002,437.0,200.0,0.0,1,0,0,0,10.0,0.0,8.0,0.0,710.0,81.0,503.0
full_cycle_run_002,438.0,200.0,0.0,1,0,0,0,10.0,0.0,8.0,0.0,710.0,81.0,503.0
full_cycle_run_002,439.0,200.0,0.0,1,0,0,0,9.0,0.0,8.0,0.0,710.0,81.0,503.0
full_cycle_run_002,440.0,200.0,0.0,1,0,0,0,10.0,0.0,8.0,0.0,710.0,81.0,504.0
full_cycle_run_002,441.0,200.0,0.0,1,0,0,0,9.0,0.0,8.0,0.0,710.0,81.0,504.0
full_cycle_run_002,442.0,200.0,0.0,1,0,0,0,10.0,0.0,7.0,0.0,710.0,81.0,505.0
full_cycle_run_002,443.0,200.0,0.0,1,0,0,0,9.0,0.0,9.0,0.0,710.0,81.0,505.0
full_cycle_run_002,444.0,200.0,0.0,1,0,0,0,10.0,0.0,7.0,0.0,710.0,81.0,505.0
full_cycle_run_002,445.0,200.0,0.0,1,0,0,0,10.0,0.0,9.0,0.0,710.0,83.0,505.0
full_cycle_run_002,446.0,200.0,0.0,1,0,0,0,9.0,0.0,7.0,0.0,710.0,85.0,506.0
full_cycle_run_002,447.0,200.0,0.0,1,0,0,0,10.0,0.0,8.0,0.0,710.0,86.0,506.0
full_cycle_run_002,448.0,200.0,0.0,1,0,0,0,9.0,0.0,7.0,0.0,710.0,101.0,506.0
full_cycle_run_002,449.0,200.0,0.0,1,0,0,0,11.0,0.0,7.0,0.0,710.0,101.0,507.0
full_cycle_run_002,450.0,200.0,0.0,1,0,0,0,9.0,0.0,9.0,0.0,710.0,101.0,507.0
full_cycle_run_002,451.0,200.0,0.0,1,0,0,0,10.0,0.0,8.0,0.0,710.0,97.0,508.0
full_cycle_run_002,452.0,200.0,0.0,1,0,0,0,9.0,0.0,7.0,0.0,710.0,97.0,508.0
full_cycle_run_002,453.0,200.0,0.0,1,0,0,0,10.0,0.0,8.0,0.0,710.0,97.0,508.0
full_cycle_run_002,454.0,200.0,0.0,1,0,0,0,9.0,0.0,8.0,0.0,710.0,97.0,509.0
full_cycle_run_002,455.0,200.0,0.0,1,0,0,0,10.0,0.0,8.0,0.0,710.0,97.0,509.0
full_cycle_run_002,456.0,200.0,0.0,1,0,0,0,10.0,0.0,9.0,0.0,710.0,97.0,509.0
full_cycle_run_002,457.0,200.0,0.0,1,0,0,0,10.0,0.0,8.0,0.0,710.0,97.0,510.0
full_cycle_run_002,458.0,200.0,0.0,1,0,0,0,10.0,0.0,8.0,0.0,710.0,97.0,510.0
full_cycle_run_002,459.0,200.0,0.0,1,0,0,0,9.0,0.0,8.0,0.0,710.0,97.0,510.0
full_cycle_run_002,460.0,200.0,0.0,1,0,0,0,10.0,0.0,9.0,0.0,710.0,97.0,511.0
full_cycle_run_002,461.0,200.0,0.0,1,0,0,0,9.0,0.0,7.0,0.0,710.0,97.0,511.0
full_cycle_run_002,462.0,200.0,0.0,1,0,0,0,10.0,0.0,7.0,0.0,710.0,97.0,507.0
full_cycle_run_002,463.0,200.0,0.0,1,0,0,0,9.0,0.0,8.0,0.0,710.0,97.0,508.0
full_cycle_run_002,464.0,200.0,0.0,1,0,0,0,10.0,0.0,7.0,0.0,710.0,97.0,508.0
full_cycle_run_002,465.0,200.0,0.0,1,0,0,0,10.0,0.0,7.0,0.0,710.0,97.0,508.0
full_cycle_run_002,466.0,200.0,0.0,1,0,0,0,9.0,0.0,7.0,0.0,710.0,97.0,513.0
full_cycle_run_002,467.0,200.0,0.0,1,0,0,0,10.0,0.0,8.0,0.0,710.0,97.0,513.5
full_cycle_run_002,468.0,200.0,0.0,1,0,0,0,10.0,0.0,10.0,0.0,710.0,97.0,514.0
full_cycle_run_002,469.0,200.0,0.0,1,0,0,0,9.0,0.0,11.0,0.0,710.0,97.0,514.0
full_cycle_run_002,470.0,200.0,0.0,1,0,0,0,10.0,0.0,8.0,0.0,710.0,97.0,514.0
full_cycle_run_002,471.0,200.0,0.0,1,0,0,0,10.0,0.0,7.0,0.0,710.0,97.0,514.5
full_cycle_run_002,472.0,200.0,0.0,1,0,0,0,9.0,0.0,8.0,0.0,710.0,97.0,515.0
full_cycle_run_002,473.0,200.0,0.0,1,0,0,0,10.0,0.0,8.0,0.0,710.0,97.0,515.0
full_cycle_run_002,474.0,200.0,0.0,1,0,0,0,9.0,0.0,9.0,0.0,710.0,97.0,511.0
full_cycle_run_002,475.0,200.0,0.0,1,0,0,0,10.0,0.0,8.0,0.0,710.0,97.0,511.5
full_cycle_run_002,476.0,200.0,0.0,1,0,0,0,9.0,0.0,7.0,0.0,710.0,97.0,512.0
full_cycle_run_002,477.0,200.0,0.0,1,0,0,0,10.0,0.0,7.0,0.0,710.0,97.0,517.0
full_cycle_run_002,478.0,200.0,0.0,1,0,0,0,9.0,0.0,8.0,0.0,710.0,97.0,517.0
full_cycle_run_002,479.0,200.0,0.0,1,0,0,0,10.0,0.0,9.0,0.0,710.0,97.0,517.5
full_cycle_run_002,480.0,0.0,0.0,1,0,0,0,8.0,0.0,8.0,0.0,710.0,97.0,518.0
full_cycle_run_002,481.0,0.0,0.0,1,0,0,0,0.0,0.0,8.0,0.0,710.0,97.0,518.0
full_cycle_run_002,482.0,0.0,0.0,1,0,0,0,0.0,0.0,9.0,0.0,710.0,97.0,518.0
full_cycle_run_002,483.0,0.0,0.0,1,0,0,0,0.0,0.0,8.0,0.0,710.0,97.0,519.0
full_cycle_run_002,484.0,0.0,0.0,1,0,0,0,0.0,0.0,10.0,0.0,710.0,97.0,519.0
full_cycle_run_002,485.0,0.0,0.0,1,0,0,0,0.0,0.0,7.0,0.0,710.0,592.0,515.0
full_cycle_run_002,486.0,0.0,0.0,1,0,0,0,0.0,0.0,7.0,0.0,718.0,97.0,546.0
full_cycle_run_002,487.0,0.0,0.0,1,0,0,0,0.0,0.0,10.0,0.0,710.0,96.0,516.0
full_cycle_run_002,488.0,0.0,0.0,1,0,0,0,0.0,0.0,8.0,0.0,710.0,92.0,547.0
full_cycle_run_002,489.0,0.0,0.0,1,0,0,0,0.0,0.0,7.0,0.0,709.0,97.0,516.0
full_cycle_run_002,490.0,0.0,0.0,1,0,0,0,0.0,0.0,7.0,0.0,709.0,97.0,521.0
full_cycle_run_002,491.0,0.0,0.0,1,0,0,0,0.0,0.0,10.0,0.0,710.0,97.0,522.0
full_cycle_run_002,492.0,0.0,0.0,1,0,0,0,0.0,0.0,8.0,0.0,710.0,97.0,522.0
full_cycle_run_002,493.0,0.0,0.0,1,0,0,0,0.0,0.0,9.0,0.0,714.0,578.0,522.0
full_cycle_run_002,494.0,0.0,0.0,1,0,0,0,0.0,0.0,7.0,0.0,715.0,583.0,529.0
full_cycle_run_002,495.0,0.0,0.0,1,0,0,0,0.0,0.0,8.0,0.0,714.0,578.0,523.0
full_cycle_run_002,496.0,0.0,0.0,1,0,0,0,0.0,0.0,8.0,0.0,710.0,581.0,523.0
full_cycle_run_002,497.0,0.0,0.0,1,0,0,0,0.0,0.0,8.0,0.0,714.0,99.0,523.0
full_cycle_run_002,498.0,0.0,0.0,1,0,0,0,0.0,0.0,7.0,0.0,714.0,577.0,524.0
full_cycle_run_002,499.0,0.0,0.0,1,0,0,0,0.0,0.0,7.0,0.0,710.0,573.0,520.0
full_cycle_run_002,500.0,0.0,0.0,1,0,0,0,0.0,0.0,8.0,0.0,706.0,99.0,525.0
full_cycle_run_002,501.0,0.0,0.0,1,0,0,0,0.0,0.0,7.0,0.0,710.0,95.0,521.0
full_cycle_run_002,502.0,0.0,0.0,1,0,0,0,0.0,0.0,7.0,0.0,714.0,588.0,521.0
full_cycle_run_002,503.0,0.0,0.0,1,0,0,0,0.0,0.0,7.0,0.0,710.0,583.0,521.0
full_cycle_run_002,504.0,0.0,0.0,1,0,0,0,0.0,0.0,8.0,0.0,706.0,582.5,526.0
full_cycle_run_002,505.0,0.0,0.0,1,0,0,0,0.0,0.0,9.0,0.0,710.0,582.0,526.0
full_cycle_run_002,506.0,0.0,0.0,1,0,0,0,0.0,0.0,7.0,0.0,710.0,578.0,527.0
full_cycle_run_002,507.0,0.0,0.0,1,0,0,0,0.0,0.0,7.0,0.0,710.0,574.0,527.0
full_cycle_run_002,508.0,0.0,0.0,1,0,0,0,0.0,0.0,8.0,0.0,710.0,578.0,527.0
full_cycle_run_002,509.0,0.0,0.0,1,0,0,0,0.0,0.0,7.0,0.0,710.0,578.0,531.0
full_cycle_run_002,510.0,0.0,0.0,1,0,0,0,0.0,0.0,7.0,0.0,710.0,577.0,528.0
full_cycle_run_002,511.0,0.0,0.0,1,0,0,0,0.0,0.0,7.0,0.0,710.0,578.0,528.0
full_cycle_run_002,512.0,0.0,0.0,1,0,0,0,0.0,0.0,8.0,0.0,710.0,576.0,529.0
full_cycle_run_002,513.0,0.0,0.0,1,0,0,0,0.0,0.0,8.0,0.0,710.0,581.0,529.0
full_cycle_run_002,514.0,0.0,0.0,1,0,0,0,0.0,0.0,7.0,0.0,710.0,572.0,525.0
full_cycle_run_002,515.0,0.0,0.0,1,0,0,0,0.0,0.0,9.0,0.0,710.0,586.0,525.0
full_cycle_run_002,516.0,0.0,0.0,1,0,0,0,0.0,0.0,8.0,0.0,706.0,570.0,530.0
full_cycle_run_002,517.0,0.0,0.0,1,0,0,0,0.0,0.0,8.0,0.0,710.0,571.0,530.0
full_cycle_run_002,518.0,0.0,0.0,1,0,0,0,0.0,0.0,7.0,0.0,710.0,579.0,531.0
full_cycle_run_002,519.0,0.0,0.0,1,0,0,0,0.0,0.0,7.0,0.0,710.0,575.0,531.0
full_cycle_run_002,520.0,0.0,0.0,1,0,0,0,0.0,0.0,9.0,0.0,710.0,584.0,531.0
full_cycle_run_002,521.0,0.0,0.0,1,0,0,0,0.0,0.0,9.0,0.0,710.0,577.0,531.5
full_cycle_run_002,522.0,0.0,0.0,1,0,0,0,0.0,0.0,8.0,0.0,710.0,574.0,532.0
full_cycle_run_002,523.0,0.0,0.0,1,0,0,0,0.0,0.0,7.0,0.0,710.0,570.0,532.0
full_cycle_run_002,524.0,0.0,0.0,1,0,0,0,0.0,0.0,7.0,0.0,710.0,572.0,528.0
full_cycle_run_002,525.0,0.0,0.0,1,0,0,0,0.0,0.0,9.0,0.0,710.0,570.0,528.5
full_cycle_run_002,526.0,0.0,0.0,1,0,0,0,0.0,0.0,8.0,0.0,710.0,571.0,529.0
full_cycle_run_002,527.0,0.0,0.0,1,0,0,0,0.0,0.0,8.0,0.0,710.0,577.0,529.0
full_cycle_run_002,528.0,0.0,0.0,1,0,0,0,0.0,0.0,8.0,0.0,710.0,572.0,530.0
full_cycle_run_002,529.0,0.0,0.0,1,0,0,0,0.0,0.0,8.0,0.0,710.0,563.0,530.0
full_cycle_run_002,530.0,0.0,0.0,1,0,0,0,0.0,0.0,7.0,0.0,710.0,567.0,530.0
full_cycle_run_002,531.0,0.0,0.0,1,0,0,0,0.0,0.0,8.0,0.0,710.0,566.0,535.0
full_cycle_run_002,532.0,0.0,0.0,1,0,0,0,0.0,0.0,7.0,0.0,710.0,570.0,535.0
full_cycle_run_002,533.0,0.0,0.0,1,0,0,0,0.0,0.0,7.0,0.0,710.0,573.0,536.0
full_cycle_run_002,534.0,0.0,0.0,1,0,0,0,0.0,0.0,7.0,0.0,710.0,573.0,536.0
full_cycle_run_002,535.0,0.0,0.0,1,0,0,0,0.0,0.0,7.0,0.0,710.0,563.0,536.0
full_cycle_run_002,536.0,0.0,0.0,1,0,0,0,0.0,0.0,8.0,0.0,710.0,569.0,536.0
full_cycle_run_002,537.0,0.0,0.0,1,0,0,0,0.0,0.0,9.0,0.0,710.0,573.0,541.0
full_cycle_run_002,538.0,0.0,0.0,1,0,0,0,0.0,0.0,8.0,0.0,710.0,568.0,533.0
full_cycle_run_002,539.0,0.0,0.0,1,0,0,0,0.0,0.0,7.0,0.0,710.0,564.0,533.0
full_cycle_run_002,540.0,0.0,0.0,1,0,0,0,0.0,0.0,7.0,0.0,710.0,568.0,534.0
full_cycle_run_002,541.0,0.0,0.0,1,0,0,0,0.0,0.0,8.0,0.0,710.0,559.0,534.0
full_cycle_run_002,542.0,0.0,0.0,1,0,0,0,0.0,0.0,7.0,0.0,710.0,563.0,534.0
full_cycle_run_002,543.0,0.0,0.0,1,0,0,0,0.0,0.0,8.0,0.0,710.0,558.0,543.0
full_cycle_run_002,544.0,0.0,0.0,1,0,0,0,0.0,0.0,7.0,0.0,710.0,562.0,543.0
full_cycle_run_002,545.0,0.0,0.0,1,0,0,0,0.0,0.0,7.0,0.0,710.0,562.0,543.0
full_cycle_run_002,546.0,0.0,0.0,1,0,0,0,0.0,0.0,7.0,0.0,710.0,562.0,544.0
full_cycle_run_002,547.0,0.0,0.0,1,0,0,0,0.0,0.0,8.0,0.0,710.0,562.0,544.0
full_cycle_run_002,548.0,0.0,0.0,1,0,0,0,0.0,0.0,9.0,0.0,710.0,565.0,544.0
full_cycle_run_002,549.0,0.0,0.0,1,0,0,0,0.0,0.0,7.0,0.0,710.0,561.0,545.0
full_cycle_run_002,550.0,0.0,0.0,1,0,0,0,0.0,0.0,7.0,0.0,710.0,562.5,545.0
full_cycle_run_002,551.0,0.0,0.0,1,0,0,0,0.0,0.0,6.0,0.0,710.0,564.0,541.0
full_cycle_run_002,552.0,0.0,0.0,1,0,0,0,0.0,0.0,7.0,0.0,710.0,559.0,542.0
full_cycle_run_002,553.0,0.0,0.0,1,0,0,0,0.0,0.0,8.0,0.0,710.0,560.0,542.0
full_cycle_run_002,554.0,0.0,0.0,1,0,0,0,0.0,0.0,8.0,0.0,710.0,563.0,542.0
full_cycle_run_002,555.0,0.0,0.0,1,0,0,0,0.0,0.0,7.0,0.0,710.0,559.0,543.0
full_cycle_run_002,556.0,0.0,0.0,1,0,0,0,0.0,0.0,7.0,0.0,710.0,570.0,547.0
full_cycle_run_002,557.0,0.0,0.0,1,0,0,0,0.0,0.0,8.0,0.0,710.0,554.0,547.0
full_cycle_run_002,558.0,0.0,0.0,1,0,0,0,0.0,0.0,7.0,0.0,710.0,565.0,548.0
full_cycle_run_002,559.0,0.0,0.0,1,0,0,0,0.0,0.0,6.0,0.0,712.0,563.0,548.0
full_cycle_run_002,560.0,0.0,0.0,1,0,0,0,0.0,0.0,9.0,0.0,710.0,567.0,548.0
full_cycle_run_002,561.0,0.0,0.0,1,0,0,0,0.0,0.0,9.0,0.0,708.0,569.0,548.0
full_cycle_run_002,562.0,0.0,0.0,1,0,0,0,0.0,0.0,7.0,0.0,702.0,567.0,548.0
full_cycle_run_002,563.0,0.0,0.0,1,0,0,0,0.0,0.0,8.0,0.0,656.0,583.0,548.0
full_cycle_run_002,564.0,0.0,0.0,1,0,0,0,0.0,0.0,7.0,0.0,669.0,576.0,548.0
full_cycle_run_002,565.0,0.0,0.0,1,0,0,0,0.0,0.0,8.0,0.0,704.0,574.0,548.0
full_cycle_run_002,566.0,0.0,0.0,1,0,0,0,0.0,0.0,8.0,0.0,690.0,575.0,548.0
full_cycle_run_002,567.0,0.0,0.0,1,0,0,0,0.0,0.0,8.0,0.0,686.0,579.0,548.0
full_cycle_run_002,568.0,0.0,0.0,1,0,0,0,0.0,0.0,7.0,0.0,690.0,580.0,548.0
full_cycle_run_002,569.0,0.0,0.0,1,0,0,0,0.0,0.0,7.0,0.0,696.0,583.0,548.0
full_cycle_run_002,570.0,0.0,0.0,1,0,0,0,0.0,0.0,7.0,0.0,668.0,584.0,548.0
full_cycle_run_002,571.0,0.0,0.0,1,0,0,0,0.0,0.0,8.0,0.0,691.0,587.0,548.0
full_cycle_run_002,572.0,0.0,0.0,1,0,0,0,0.0,0.0,6.0,0.0,677.0,589.0,548.0
full_cycle_run_002,573.0,0.0,0.0,1,0,0,0,0.0,0.0,7.0,0.0,684.0,591.0,548.0
full_cycle_run_002,574.0,0.0,0.0,1,0,0,0,0.0,0.0,7.0,0.0,673.0,592.0,548.0
full_cycle_run_002,575.0,0.0,0.0,1,0,0,0,0.0,0.0,7.0,0.0,679.0,595.0,548.0
full_cycle_run_002,576.0,0.0,0.0,1,0,0,0,0.0,0.0,8.0,0.0,673.0,597.0,548.0
full_cycle_run_002,577.0,0.0,0.0,1,0,0,0,0.0,0.0,6.0,0.0,664.0,598.0,548.0
full_cycle_run_002,578.0,0.0,0.0,1,0,0,0,0.0,0.0,7.0,0.0,674.0,600.0,548.0
full_cycle_run_002,579.0,0.0,0.0,1,0,0,0,0.0,0.0,7.0,0.0,675.0,603.0,548.0
full_cycle_run_002,580.0,0.0,0.0,1,0,0,0,0.0,0.0,9.0,0.0,669.0,605.0,548.0
full_cycle_run_002,581.0,0.0,0.0,1,0,0,0,0.0,0.0,7.0,0.0,663.0,607.0,548.0
full_cycle_run_002,582.0,0.0,0.0,1,0,0,0,0.0,0.0,7.0,0.0,666.0,608.0,548.0
full_cycle_run_002,583.0,0.0,0.0,1,0,0,0,0.0,0.0,8.0,0.0,663.0,612.0,548.0
full_cycle_run_002,584.0,0.0,0.0,1,0,0,0,0.0,0.0,7.0,0.0,661.0,613.0,548.0
full_cycle_run_002,585.0,0.0,0.0,1,0,0,0,0.0,0.0,7.0,0.0,655.0,615.0,548.0
full_cycle_run_002,586.0,0.0,0.0,1,0,0,0,0.0,0.0,7.0,0.0,658.0,616.0,548.0
full_cycle_run_002,587.0,0.0,0.0,1,0,0,0,0.0,0.0,8.0,0.0,659.0,618.5,548.0
full_cycle_run_002,588.0,0.0,0.0,1,0,0,0,0.0,0.0,8.0,0.0,657.0,621.0,548.0
full_cycle_run_002,589.0,0.0,0.0,1,0,0,0,0.0,0.0,7.0,0.0,651.0,623.0,548.0
full_cycle_run_002,590.0,0.0,0.0,1,0,0,0,0.0,0.0,7.0,0.0,658.0,625.0,548.0
full_cycle_run_002,591.0,0.0,0.0,1,0,0,0,0.0,0.0,7.0,0.0,642.0,627.0,548.0
full_cycle_run_002,592.0,0.0,0.0,1,0,0,0,0.0,0.0,7.0,0.0,649.0,629.0,548.0
full_cycle_run_002,593.0,0.0,0.0,1,0,0,0,0.0,0.0,7.0,0.0,643.0,631.0,548.0
full_cycle_run_002,594.0,0.0,0.0,1,0,0,0,0.0,0.0,7.0,0.0,646.0,633.0,548.0
full_cycle_run_002,595.0,0.0,0.0,1,0,0,0,0.0,0.0,6.0,0.0,638.0,635.5,548.0
full_cycle_run_002,596.0,0.0,0.0,1,0,0,0,0.0,0.0,8.0,0.0,641.0,638.0,548.0
full_cycle_run_002,597.0,0.0,0.0,1,0,0,0,0.0,0.0,8.0,0.0,635.0,639.0,548.0
full_cycle_run_002,598.0,0.0,0.0,1,0,0,0,0.0,0.0,7.0,0.0,637.0,637.0,548.0
full_cycle_run_002,599.0,0.0,0.0,1,0,0,0,0.0,0.0,7.0,0.0,626.0,644.0,548.0
full_cycle_run_002,600.0,0.0,0.0,1,0,0,0,0.0,0.0,7.0,0.0,637.0,642.0,548.0
full_cycle_run_002,601.0,0.0,0.0,1,0,0,0,0.0,0.0,6.0,0.0,627.0,647.0,548.0
full_cycle_run_002,602.0,0.0,0.0,1,0,0,0,0.0,0.0,7.0,0.0,625.0,645.0,548.0
full_cycle_run_002,603.0,0.0,0.0,1,0,0,0,0.0,0.0,8.0,0.0,626.0,653.0,548.0
full_cycle_run_002,604.0,0.0,0.0,1,0,0,0,0.0,0.0,7.0,0.0,625.0,650.0,548.0
full_cycle_run_002,605.0,0.0,0.0,1,0,0,0,0.0,0.0,8.0,0.0,619.0,656.0,548.0
full_cycle_run_002,606.0,0.0,0.0,1,0,0,0,0.0,0.0,7.0,0.0,613.0,653.0,548.0
full_cycle_run_002,607.0,0.0,0.0,1,0,0,0,0.0,0.0,7.0,0.0,609.0,661.0,548.0
full_cycle_run_002,608.0,0.0,0.0,1,0,0,0,0.0,0.0,8.0,0.0,613.0,658.0,548.0
full_cycle_run_002,609.0,0.0,0.0,1,0,0,0,0.0,0.0,7.0,0.0,620.0,668.0,548.0
full_cycle_run_002,610.0,0.0,0.0,1,0,0,0,0.0,0.0,8.0,0.0,613.0,661.0,548.0
full_cycle_run_002,611.0,0.0,0.0,1,0,0,0,0.0,0.0,6.0,0.0,605.0,669.0,548.0
full_cycle_run_002,612.0,0.0,0.0,1,0,0,0,0.0,0.0,7.0,0.0,604.0,666.0,548.0
full_cycle_run_002,613.0,0.0,0.0,1,0,0,0,0.0,0.0,7.0,0.0,612.0,672.0,548.0
full_cycle_run_002,614.0,0.0,0.0,1,0,0,0,0.0,0.0,8.0,0.0,602.0,670.0,548.0
full_cycle_run_002,615.0,0.0,0.0,1,0,0,0,0.0,0.0,6.0,0.0,596.0,681.0,548.0
full_cycle_run_002,616.0,0.0,0.0,1,0,0,0,0.0,0.0,7.0,0.0,599.0,670.0,548.0
full_cycle_run_002,617.0,0.0,0.0,1,0,0,0,0.0,0.0,7.0,0.0,602.0,675.0,548.0
full_cycle_run_002,618.0,0.0,0.0,1,0,0,0,0.0,0.0,7.0,0.0,597.0,678.0,546.0
full_cycle_run_002,619.0,0.0,0.0,1,0,0,0,0.0,0.0,6.0,0.0,595.0,689.0,543.0
full_cycle_run_002,620.0,0.0,0.0,1,0,0,0,0.0,0.0,7.0,0.0,598.0,678.0,551.0
full_cycle_run_002,621.0,0.0,0.0,1,0,0,0,0.0,0.0,7.0,0.0,593.0,679.0,546.0
full_cycle_run_002,622.0,0.0,200.0,1,0,0,0,0.0,0.0,7.0,0.0,592.0,690.0,547.0
full_cycle_run_002,623.0,0.0,200.0,0,0,0,0,0.0,41.0,6.0,0.0,599.0,693.0,545.0
full_cycle_run_002,624.0,0.0,200.0,0,0,0,0,0.0,48.0,7.0,0.0,589.0,675.0,542.0
full_cycle_run_002,625.0,0.0,200.0,0,0,0,0,0.0,44.0,8.0,0.0,584.0,683.0,545.0
full_cycle_run_002,626.0,0.0,200.0,0,0,0,0,0.0,47.0,4.0,0.0,587.0,683.0,554.0
full_cycle_run_002,627.0,0.0,200.0,0,0,0,0,0.0,47.0,1.0,0.0,585.0,679.0,550.0
full_cycle_run_002,628.0,0.0,200.0,0,0,0,0,0.0,46.0,0.0,0.0,588.0,688.0,546.0
full_cycle_run_002,629.0,0.0,200.0,0,0,0,0,0.0,47.0,0.0,0.0,587.0,675.0,541.0
full_cycle_run_002,630.0,0.0,200.0,0,0,0,0,0.0,47.0,0.0,0.0,586.0,679.0,549.0
full_cycle_run_002,631.0,0.0,200.0,0,0,0,0,0.0,47.0,0.0,0.0,579.0,688.0,545.0
full_cycle_run_002,632.0,0.0,200.0,0,0,0,0,0.0,45.0,0.0,0.0,579.0,688.0,550.0
full_cycle_run_002,633.0,0.0,200.0,0,0,0,0,0.0,48.0,0.0,0.0,578.0,675.0,554.0
full_cycle_run_002,634.0,0.0,200.0,0,0,0,0,0.0,44.0,0.0,0.0,586.0,675.0,549.0
full_cycle_run_002,635.0,0.0,200.0,0,0,0,0,0.0,50.0,0.0,0.0,578.0,708.0,545.0
full_cycle_run_002,636.0,0.0,200.0,0,0,0,0,0.0,46.0,0.0,0.0,574.0,704.0,545.0
full_cycle_run_002,637.0,0.0,200.0,0,0,0,0,0.0,43.0,0.0,0.0,577.0,675.0,545.0
full_cycle_run_002,638.0,0.0,200.0,0,0,0,0,0.0,44.0,0.0,0.0,576.0,679.0,545.0
full_cycle_run_002,639.0,0.0,200.0,0,0,0,0,0.0,46.0,0.0,0.0,570.0,708.0,545.0
full_cycle_run_002,640.0,0.0,200.0,0,0,0,0,0.0,44.0,0.0,0.0,573.0,687.0,549.0
full_cycle_run_002,641.0,0.0,200.0,0,0,0,0,0.0,47.0,0.0,0.0,572.0,681.0,545.0
full_cycle_run_002,642.0,0.0,200.0,0,0,0,0,0.0,47.0,0.0,0.0,566.0,675.0,545.0
full_cycle_run_002,643.0,0.0,200.0,0,0,0,0,0.0,43.0,0.0,0.0,565.0,717.0,549.0
full_cycle_run_002,644.0,0.0,200.0,0,0,0,0,0.0,51.0,0.0,0.0,568.0,687.0,553.0
full_cycle_run_002,645.0,0.0,200.0,0,0,0,0,0.0,43.0,0.0,0.0,578.0,681.0,548.0
full_cycle_run_002,646.0,0.0,200.0,0,0,0,0,0.0,44.0,0.0,0.0,561.0,675.0,545.0
full_cycle_run_002,647.0,0.0,200.0,0,0,0,0,0.0,49.0,0.0,0.0,577.0,683.0,549.0
full_cycle_run_002,648.0,0.0,200.0,0,0,0,0,0.0,46.0,0.0,0.0,562.0,688.0,553.0
full_cycle_run_002,649.0,0.0,200.0,0,0,0,0,0.0,48.0,0.0,0.0,557.0,681.5,548.5
full_cycle_run_002,650.0,0.0,200.0,0,0,0,0,0.0,45.0,0.0,0.0,557.0,675.0,544.0
full_cycle_run_002,651.0,0.0,200.0,0,0,0,0,0.0,45.0,0.0,0.0,558.0,743.0,544.0
full_cycle_run_002,652.0,0.0,200.0,0,0,0,0,0.0,42.0,0.0,0.0,554.0,679.0,544.0
full_cycle_run_002,653.0,0.0,200.0,0,0,0,0,0.0,46.0,0.0,0.0,563.0,675.0,544.0
full_cycle_run_002,654.0,0.0,200.0,0,0,0,0,0.0,52.0,0.0,0.0,557.0,671.0,544.0
full_cycle_run_002,655.0,0.0,200.0,0,0,0,0,0.0,45.0,0.0,0.0,552.0,687.0,548.0
full_cycle_run_002,656.0,0.0,200.0,0,0,0,0,0.0,45.0,0.0,0.0,553.0,667.0,544.0
full_cycle_run_002,657.0,0.0,200.0,0,0,0,0,0.0,44.0,0.0,0.0,557.0,747.0,552.0
full_cycle_run_002,658.0,0.0,200.0,0,0,0,0,0.0,47.0,0.0,0.0,554.0,679.0,544.0
full_cycle_run_002,659.0,0.0,200.0,0,0,0,0,0.0,45.0,0.0,0.0,559.0,687.0,544.0
full_cycle_run_002,660.0,0.0,200.0,0,0,0,0,0.0,46.0,0.0,0.0,555.0,712.0,544.0
full_cycle_run_002,661.0,0.0,200.0,0,0,0,0,0.0,46.0,0.0,0.0,560.0,688.0,552.0
full_cycle_run_002,662.0,0.0,200.0,0,0,0,0,0.0,47.0,0.0,0.0,564.0,740.0,548.0
full_cycle_run_002,663.0,0.0,200.0,0,0,0,0,0.0,48.0,0.0,0.0,556.0,739.0,544.0
full_cycle_run_002,664.0,0.0,200.0,0,0,0,0,0.0,46.0,0.0,0.0,555.0,671.0,549.0
full_cycle_run_002,665.0,0.0,200.0,0,0,0,0,0.0,46.0,0.0,0.0,556.0,680.0,549.0
full_cycle_run_002,666.0,0.0,200.0,0,0,0,0,0.0,45.0,0.0,0.0,556.0,688.0,545.0
full_cycle_run_002,667.0,0.0,200.0,0,0,0,0,0.0,48.0,0.0,0.0,560.0,679.0,545.0
full_cycle_run_002,668.0,0.0,200.0,0,0,0,0,0.0,48.0,0.0,0.0,560.0,675.0,541.0
full_cycle_run_002,669.0,0.0,200.0,0,0,0,0,0.0,46.0,0.0,0.0,556.0,679.0,545.0
full_cycle_run_002,670.0,0.0,200.0,0,0,0,0,0.0,46.0,0.0,0.0,556.0,671.0,545.0
full_cycle_run_002,671.0,0.0,200.0,0,0,0,0,0.0,45.0,0.0,0.0,556.0,675.0,545.0
full_cycle_run_002,672.0,0.0,200.0,0,0,0,0,0.0,44.0,0.0,0.0,556.0,675.0,545.0
full_cycle_run_002,673.0,0.0,200.0,0,0,0,0,0.0,47.0,0.0,0.0,556.0,675.0,545.0
full_cycle_run_002,674.0,0.0,200.0,0,0,0,0,0.0,47.0,0.0,0.0,556.0,675.0,545.0
full_cycle_run_002,675.0,0.0,200.0,0,0,0,0,0.0,43.0,0.0,0.0,556.0,679.0,545.0
full_cycle_run_002,676.0,0.0,200.0,0,1,0,0,0.0,43.0,0.0,0.0,556.0,679.0,545.0
full_cycle_run_002,677.0,0.0,200.0,0,1,0,0,0.0,47.0,0.0,2.0,556.0,679.0,545.0
full_cycle_run_002,678.0,200.0,200.0,0,1,0,0,0.0,45.0,0.0,10.0,556.0,679.0,545.0
full_cycle_run_002,679.0,200.0,200.0,0,1,0,0,0.0,45.0,0.0,15.0,556.0,679.0,545.0
full_cycle_run_002,680.0,200.0,200.0,0,1,0,0,6.0,46.0,0.0,15.0,556.0,679.0,545.0
full_cycle_run_002,681.0,200.0,200.0,0,1,0,0,12.0,44.0,0.0,16.0,556.0,679.0,545.0
full_cycle_run_002,682.0,200.0,200.0,0,1,0,0,10.0,49.0,0.0,15.0,556.0,679.0,545.0
full_cycle_run_002,683.0,200.0,200.0,0,1,0,0,10.0,47.0,0.0,16.0,556.0,679.0,545.0
full_cycle_run_002,684.0,200.0,200.0,0,1,0,0,9.0,44.0,0.0,16.0,556.0,679.0,545.0
full_cycle_run_002,685.0,200.0,200.0,0,1,0,0,9.0,47.0,0.0,15.0,556.0,679.0,545.0
full_cycle_run_002,686.0,200.0,200.0,0,1,0,0,10.0,43.0,0.0,16.0,556.0,679.0,545.0
full_cycle_run_002,687.0,200.0,200.0,1,1,0,0,9.0,46.0,0.0,16.0,556.0,679.0,545.0
full_cycle_run_002,688.0,200.0,200.0,1,1,0,0,9.0,46.0,0.0,15.0,556.0,679.0,545.0
full_cycle_run_002,689.0,200.0,200.0,1,1,0,0,10.0,47.0,1.0,16.0,556.0,679.0,545.0
full_cycle_run_002,690.0,200.0,200.0,1,1,0,0,9.0,43.0,8.0,16.0,556.0,679.0,545.0
full_cycle_run_002,691.0,200.0,200.0,1,1,0,0,9.0,48.0,9.0,16.0,556.0,679.0,545.0
full_cycle_run_002,692.0,200.0,200.0,1,1,0,0,10.0,44.0,8.0,16.0,556.0,679.0,545.0
full_cycle_run_002,693.0,200.0,200.0,1,1,0,0,9.0,42.0,8.0,15.0,556.0,679.0,545.0
full_cycle_run_002,694.0,200.0,200.0,1,1,0,0,9.0,45.0,9.0,16.0,556.0,679.0,545.0
full_cycle_run_002,695.0,200.0,200.0,1,1,0,0,10.0,43.0,8.0,16.0,556.0,679.0,545.0
full_cycle_run_002,696.0,200.0,200.0,1,1,0,0,9.0,46.0,8.0,16.0,556.0,679.0,545.0
full_cycle_run_002,697.0,200.0,200.0,1,1,0,0,10.0,45.0,9.0,16.0,556.0,679.0,545.0
full_cycle_run_002,698.0,200.0,200.0,1,1,0,0,9.0,43.0,9.0,16.0,556.0,679.0,545.0
full_cycle_run_002,699.0,200.0,200.0,1,1,0,0,9.0,42.0,8.0,16.0,556.0,679.0,545.0
full_cycle_run_002,700.0,200.0,200.0,1,1,0,0,10.0,45.0,9.0,16.0,556.0,679.0,545.0
full_cycle_run_002,701.0,200.0,200.0,1,1,0,0,9.0,42.0,8.0,16.0,556.0,679.0,545.0
full_cycle_run_002,702.0,200.0,200.0,1,1,0,0,10.0,42.0,8.0,15.0,556.0,679.0,545.0
full_cycle_run_002,703.0,200.0,200.0,1,1,0,0,9.0,43.0,9.0,16.0,556.0,679.0,545.0
full_cycle_run_002,704.0,200.0,200.0,1,1,0,0,9.0,42.0,8.0,16.0,556.0,679.0,545.0
full_cycle_run_002,705.0,200.0,200.0,1,1,0,0,10.0,46.0,8.0,16.0,556.0,679.0,545.0
full_cycle_run_002,706.0,200.0,200.0,1,1,0,0,9.0,44.0,9.0,16.0,556.0,679.0,545.0
full_cycle_run_002,707.0,200.0,200.0,1,1,0,0,9.0,43.0,7.0,16.0,556.0,679.0,545.0
full_cycle_run_002,708.0,200.0,200.0,1,1,0,0,10.0,44.0,8.0,16.0,556.0,679.0,545.0
full_cycle_run_002,709.0,200.0,200.0,1,1,0,0,10.0,43.0,9.0,16.0,556.0,679.0,545.0
full_cycle_run_002,710.0,200.0,200.0,1,1,0,0,10.0,41.0,9.0,16.0,556.0,679.0,545.0
full_cycle_run_002,711.0,200.0,200.0,1,1,0,0,9.0,43.0,8.0,16.0,556.0,679.0,545.0
full_cycle_run_002,712.0,200.0,200.0,1,1,0,0,10.0,46.0,9.0,16.0,556.0,679.0,545.0
full_cycle_run_002,713.0,200.0,200.0,1,1,0,0,9.0,44.0,8.0,16.0,556.0,679.0,545.0
full_cycle_run_002,714.0,200.0,200.0,1,1,0,0,10.0,44.0,8.0,16.0,556.0,679.0,545.0
full_cycle_run_002,715.0,200.0,200.0,1,1,0,0,9.0,48.0,11.0,17.0,556.0,679.0,545.0
full_cycle_run_002,716.0,200.0,200.0,1,1,0,0,10.0,41.0,8.0,16.0,556.0,679.0,545.0
full_cycle_run_002,717.0,200.0,200.0,1,1,0,0,10.0,46.0,8.0,17.0,556.0,679.0,545.0
full_cycle_run_002,718.0,200.0,200.0,1,1,0,0,9.0,43.0,8.0,16.0,556.0,679.0,545.0
full_cycle_run_002,719.0,200.0,200.0,1,1,0,0,10.0,43.0,8.0,16.0,556.0,679.0,545.0
full_cycle_run_002,720.0,200.0,200.0,1,1,0,0,9.0,38.0,8.0,16.0,556.0,679.0,545.0
full_cycle_run_002,721.0,200.0,200.0,1,1,0,0,10.0,6.0,9.0,16.0,556.0,679.0,545.0
full_cycle_run_002,722.0,200.0,200.0,1,1,0,0,9.0,3.0,8.0,16.0,556.0,679.0,545.0
full_cycle_run_002,723.0,200.0,200.0,1,0,0,0,10.0,1.0,10.0,16.0,556.0,679.0,545.0
full_cycle_run_002,724.0,200.0,0.0,1,0,0,0,9.0,2.0,8.0,16.0,556.0,679.0,545.0
full_cycle_run_002,725.0,200.0,0.0,1,0,0,0,10.0,4.0,9.0,16.0,556.0,679.0,545.0
full_cycle_run_002,726.0,200.0,0.0,1,0,0,0,9.0,2.0,9.0,11.0,556.0,679.0,545.0
full_cycle_run_002,727.0,0.0,0.0,1,0,0,0,8.0,1.0,9.0,3.0,556.0,679.0,545.0
full_cycle_run_002,728.0,0.0,0.0,0,0,0,0,1.0,1.0,8.0,0.0,556.0,679.0,545.0
full_cycle_run_002,729.0,0.0,0.0,0,0,0,0,0.0,0.0,8.0,0.0,556.0,679.0,545.0
full_cycle_run_002,730.0,0.0,0.0,0,0,0,0,0.0,0.0,9.0,0.0,556.0,679.0,545.0
full_cycle_run_002,731.0,0.0,0.0,0,0,0,0,0.0,0.0,5.0,0.0,556.0,679.0,545.0
full_cycle_run_002,732.0,0.0,0.0,0,0,0,0,0.0,0.0,1.0,0.0,556.0,679.0,545.0
full_cycle_run_002,733.0,0.0,0.0,0,0,0,0,0.0,0.0,0.0,0.0,556.0,679.0,545.0
